fold,group_type,train_len,val_len,train_perc,val_perc,train_active_perc,train_inactive_perc,val_active_perc,val_inactive_perc,test_active_perc,test_inactive_perc,num_leaking_uniprot,num_leaking_smiles,disabled_embeddings,val_loss,val_acc,val_f1_score,val_hp_metric,val_opt_score,val_precision,val_recall,val_roc_auc,test_loss,test_acc,test_f1_score,test_hp_metric,test_opt_score,test_precision,test_recall,test_roc_auc,hparam_hidden_dim,hparam_batch_size,hparam_learning_rate,hparam_dropout,hparam_join_embeddings,hparam_smote_k_neighbors,train_unique_groups,val_unique_groups
0,random,859,215,0.7998137802607076,0.20018621973929238,0.259604190919674,0.740395809080326,0.26046511627906976,0.7395348837209302,0.07692307692307693,0.9230769230769231,47,119,,0.31238314509391785,0.8604651093482971,0.7321428656578064,0.8604651093482971,1.5926079750061035,0.7321428656578064,0.7321428656578064,0.9420485496520996,1.939396619796753,0.692307710647583,0.0,0.692307710647583,0.692307710647583,0.0,0.0,0.25,768,16,0.00026209673582287303,0.15595163702781767,concat,8,,
0,random,859,215,0.7998137802607076,0.20018621973929238,0.259604190919674,0.740395809080326,0.26046511627906976,0.7395348837209302,0.07692307692307693,0.9230769230769231,47,119,disabled smiles,0.3877067267894745,0.8325581550598145,0.699999988079071,0.8325581550598145,1.5325582027435303,0.65625,0.75,0.8779761791229248,0.7329256534576416,0.692307710647583,0.0,0.692307710647583,0.692307710647583,0.0,0.0,0.1666666865348816,768,16,0.00026209673582287303,0.15595163702781767,concat,8,,
0,random,859,215,0.7998137802607076,0.20018621973929238,0.259604190919674,0.740395809080326,0.26046511627906976,0.7395348837209302,0.07692307692307693,0.9230769230769231,47,119,disabled poi,0.40116432309150696,0.804651141166687,0.6666666865348816,0.804651141166687,1.4713177680969238,0.6000000238418579,0.75,0.8862309455871582,0.43844857811927795,0.692307710647583,0.0,0.692307710647583,0.692307710647583,0.0,0.0,0.6666666269302368,768,16,0.00026209673582287303,0.15595163702781767,concat,8,,
0,random,859,215,0.7998137802607076,0.20018621973929238,0.259604190919674,0.740395809080326,0.26046511627906976,0.7395348837209302,0.07692307692307693,0.9230769230769231,47,119,disabled e3,0.3583727478981018,0.8279069662094116,0.6725663542747498,0.8279069662094116,1.5004732608795166,0.6666666865348816,0.6785714030265808,0.8927448391914368,0.6680293679237366,0.8461538553237915,0.0,0.8461538553237915,0.8461538553237915,0.0,0.0,0.0,768,16,0.00026209673582287303,0.15595163702781767,concat,8,,
0,random,859,215,0.7998137802607076,0.20018621973929238,0.259604190919674,0.740395809080326,0.26046511627906976,0.7395348837209302,0.07692307692307693,0.9230769230769231,47,119,disabled cell,0.4297591745853424,0.7488372325897217,0.5,0.7488372325897217,1.2488372325897217,0.5192307829856873,0.4821428656578064,0.8358603119850159,0.6016330122947693,0.9230769276618958,0.0,0.9230769276618958,0.9230769276618958,0.0,0.0,0.0,768,16,0.00026209673582287303,0.15595163702781767,concat,8,,
0,random,859,215,0.7998137802607076,0.20018621973929238,0.259604190919674,0.740395809080326,0.26046511627906976,0.7395348837209302,0.07692307692307693,0.9230769230769231,47,119,disabled poi e3 smiles,0.5207074880599976,0.7581395506858826,0.6231883764266968,0.7581395506858826,1.3813278675079346,0.5243902206420898,0.7678571343421936,0.8305256366729736,0.6405979990959167,0.6153846383094788,0.0,0.6153846383094788,0.6153846383094788,0.0,0.0,0.4166666865348816,768,16,0.00026209673582287303,0.15595163702781767,concat,8,,
0,random,859,215,0.7998137802607076,0.20018621973929238,0.259604190919674,0.740395809080326,0.26046511627906976,0.7395348837209302,0.07692307692307693,0.9230769230769231,47,119,disabled poi e3 cell,0.5983416438102722,0.6558139324188232,0.5066666603088379,0.6558139324188232,1.1624805927276611,0.40425533056259155,0.6785714030265808,0.7483714818954468,0.7343876957893372,0.4615384638309479,0.2222222238779068,0.4615384638309479,0.6837607026100159,0.125,1.0,0.75,768,16,0.00026209673582287303,0.15595163702781767,concat,8,,
1,random,859,215,0.7998137802607076,0.20018621973929238,0.259604190919674,0.740395809080326,0.26046511627906976,0.7395348837209302,0.07692307692307693,0.9230769230769231,47,102,,0.546760618686676,0.8093023300170898,0.6554622054100037,0.8093023300170898,1.4647645950317383,0.6190476417541504,0.6964285969734192,0.8651168346405029,0.7151666283607483,0.9230769276618958,0.0,0.9230769276618958,0.9230769276618958,0.0,0.0,0.25,768,32,0.0001549622508312974,0.181524734412282,sum,12,,
1,random,859,215,0.7998137802607076,0.20018621973929238,0.259604190919674,0.740395809080326,0.26046511627906976,0.7395348837209302,0.07692307692307693,0.9230769230769231,47,102,disabled smiles,0.5351852774620056,0.7488372325897217,0.5714285969734192,0.7488372325897217,1.320265769958496,0.5142857432365417,0.6428571343421936,0.7963274717330933,0.8609431982040405,0.692307710647583,0.0,0.692307710647583,0.692307710647583,0.0,0.0,0.0,768,32,0.0001549622508312974,0.181524734412282,sum,12,,
1,random,859,215,0.7998137802607076,0.20018621973929238,0.259604190919674,0.740395809080326,0.26046511627906976,0.7395348837209302,0.07692307692307693,0.9230769230769231,47,102,disabled poi,0.5258992910385132,0.7581395506858826,0.6060606241226196,0.7581395506858826,1.3642001152038574,0.5263158082962036,0.7142857313156128,0.8108153343200684,0.4450073540210724,0.7692307829856873,0.0,0.7692307829856873,0.7692307829856873,0.0,0.0,0.5833333730697632,768,32,0.0001549622508312974,0.181524734412282,sum,12,,
1,random,859,215,0.7998137802607076,0.20018621973929238,0.259604190919674,0.740395809080326,0.26046511627906976,0.7395348837209302,0.07692307692307693,0.9230769230769231,47,102,disabled e3,0.4997367560863495,0.7627906799316406,0.5920000076293945,0.7627906799316406,1.3547906875610352,0.5362318754196167,0.6607142686843872,0.8225516676902771,0.6263074278831482,0.8461538553237915,0.0,0.8461538553237915,0.8461538553237915,0.0,0.0,0.0,768,32,0.0001549622508312974,0.181524734412282,sum,12,,
1,random,859,215,0.7998137802607076,0.20018621973929238,0.259604190919674,0.740395809080326,0.26046511627906976,0.7395348837209302,0.07692307692307693,0.9230769230769231,47,102,disabled cell,0.5610433220863342,0.7255814075469971,0.5755395889282227,0.7255814075469971,1.3011209964752197,0.4819277226924896,0.7142857313156128,0.8027852773666382,0.6773377656936646,0.7692307829856873,0.0,0.7692307829856873,0.7692307829856873,0.0,0.0,0.08333331346511841,768,32,0.0001549622508312974,0.181524734412282,sum,12,,
1,random,859,215,0.7998137802607076,0.20018621973929238,0.259604190919674,0.740395809080326,0.26046511627906976,0.7395348837209302,0.07692307692307693,0.9230769230769231,47,102,disabled poi e3 smiles,0.5669384598731995,0.734883725643158,0.4672897160053253,0.734883725643158,1.2021734714508057,0.4901960790157318,0.4464285671710968,0.7541553974151611,0.6137514710426331,0.7692307829856873,0.0,0.7692307829856873,0.7692307829856873,0.0,0.0,0.25,768,32,0.0001549622508312974,0.181524734412282,sum,12,,
1,random,859,215,0.7998137802607076,0.20018621973929238,0.259604190919674,0.740395809080326,0.26046511627906976,0.7395348837209302,0.07692307692307693,0.9230769230769231,47,102,disabled poi e3 cell,0.5938689708709717,0.6976743936538696,0.5517241358757019,0.6976743936538696,1.2493984699249268,0.449438214302063,0.7142857313156128,0.7585916519165039,0.5012602210044861,0.692307710647583,0.3333333432674408,0.692307710647583,1.0256410837173462,0.20000000298023224,1.0,1.0,768,32,0.0001549622508312974,0.181524734412282,sum,12,,
2,random,859,215,0.7998137802607076,0.20018621973929238,0.259604190919674,0.740395809080326,0.26046511627906976,0.7395348837209302,0.07692307692307693,0.9230769230769231,50,93,,0.5060573220252991,0.7906976938247681,0.6399999856948853,0.7906976938247681,1.4306976795196533,0.5797101259231567,0.7142857313156128,0.8251347541809082,0.736000120639801,0.7692307829856873,0.0,0.7692307829856873,0.7692307829856873,0.0,0.0,0.08333331346511841,512,8,3.49568990526669e-05,0.25101298562544694,sum,12,,
2,random,859,215,0.7998137802607076,0.20018621973929238,0.259604190919674,0.740395809080326,0.26046511627906976,0.7395348837209302,0.07692307692307693,0.9230769230769231,50,93,disabled smiles,0.5670490860939026,0.6930232644081116,0.4923076927661896,0.6930232644081116,1.1853309869766235,0.4324324429035187,0.5714285969734192,0.7697101831436157,0.7666841745376587,0.7692307829856873,0.0,0.7692307829856873,0.7692307829856873,0.0,0.0,0.0,512,8,3.49568990526669e-05,0.25101298562544694,sum,12,,
2,random,859,215,0.7998137802607076,0.20018621973929238,0.259604190919674,0.740395809080326,0.26046511627906976,0.7395348837209302,0.07692307692307693,0.9230769230769231,50,93,disabled poi,0.570442795753479,0.7441860437393188,0.5378151535987854,0.7441860437393188,1.282001256942749,0.5079365372657776,0.5714285969734192,0.7665656208992004,0.4729733169078827,0.6153846383094788,0.0,0.6153846383094788,0.6153846383094788,0.0,0.0,0.6666666269302368,512,8,3.49568990526669e-05,0.25101298562544694,sum,12,,
2,random,859,215,0.7998137802607076,0.20018621973929238,0.259604190919674,0.740395809080326,0.26046511627906976,0.7395348837209302,0.07692307692307693,0.9230769230769231,50,93,disabled e3,0.5679744482040405,0.7255814075469971,0.5931034684181213,0.7255814075469971,1.3186848163604736,0.483146071434021,0.7678571343421936,0.8222147226333618,0.8528181910514832,0.692307710647583,0.0,0.692307710647583,0.692307710647583,0.0,0.0,0.1666666865348816,512,8,3.49568990526669e-05,0.25101298562544694,sum,12,,
2,random,859,215,0.7998137802607076,0.20018621973929238,0.259604190919674,0.740395809080326,0.26046511627906976,0.7395348837209302,0.07692307692307693,0.9230769230769231,50,93,disabled cell,0.5158418416976929,0.7255814075469971,0.5123966932296753,0.7255814075469971,1.2379781007766724,0.4769230782985687,0.5535714030265808,0.7936882972717285,0.7155195474624634,0.7692307829856873,0.0,0.7692307829856873,0.7692307829856873,0.0,0.0,0.08333331346511841,512,8,3.49568990526669e-05,0.25101298562544694,sum,12,,
2,random,859,215,0.7998137802607076,0.20018621973929238,0.259604190919674,0.740395809080326,0.26046511627906976,0.7395348837209302,0.07692307692307693,0.9230769230769231,50,93,disabled poi e3 smiles,0.6957535743713379,0.6139534711837769,0.4575163424015045,0.6139534711837769,1.071469783782959,0.36082473397254944,0.625,0.6777291297912598,0.7075004577636719,0.6153846383094788,0.0,0.6153846383094788,0.6153846383094788,0.0,0.0,0.25,512,8,3.49568990526669e-05,0.25101298562544694,sum,12,,
2,random,859,215,0.7998137802607076,0.20018621973929238,0.259604190919674,0.740395809080326,0.26046511627906976,0.7395348837209302,0.07692307692307693,0.9230769230769231,50,93,disabled poi e3 cell,0.5717788934707642,0.7023255825042725,0.4385964870452881,0.7023255825042725,1.1409220695495605,0.43103447556495667,0.4464285671710968,0.7104110717773438,0.4962698221206665,0.692307710647583,0.3333333432674408,0.692307710647583,1.0256410837173462,0.20000000298023224,1.0,1.0,512,8,3.49568990526669e-05,0.25101298562544694,sum,12,,
3,random,859,215,0.7998137802607076,0.20018621973929238,0.259604190919674,0.740395809080326,0.26046511627906976,0.7395348837209302,0.07692307692307693,0.9230769230769231,48,102,,0.3992478549480438,0.8325581550598145,0.6842105388641357,0.8325581550598145,1.5167686939239502,0.6724137663841248,0.6964285969734192,0.9008311033248901,1.139338493347168,0.6153846383094788,0.0,0.6153846383094788,0.6153846383094788,0.0,0.0,0.08333331346511841,768,16,0.00016626628790334627,0.3353332291890718,concat,10,,
3,random,859,215,0.7998137802607076,0.20018621973929238,0.259604190919674,0.740395809080326,0.26046511627906976,0.7395348837209302,0.07692307692307693,0.9230769230769231,48,102,disabled smiles,0.42620551586151123,0.7813953757286072,0.6299212574958801,0.7813953757286072,1.4113166332244873,0.5633803009986877,0.7142857313156128,0.849786639213562,0.7424725294113159,0.692307710647583,0.0,0.692307710647583,0.692307710647583,0.0,0.0,0.0,768,16,0.00016626628790334627,0.3353332291890718,concat,10,,
3,random,859,215,0.7998137802607076,0.20018621973929238,0.259604190919674,0.740395809080326,0.26046511627906976,0.7395348837209302,0.07692307692307693,0.9230769230769231,48,102,disabled poi,0.5248979926109314,0.739534854888916,0.5882353186607361,0.739534854888916,1.3277702331542969,0.5,0.7142857313156128,0.8121630549430847,0.5067359209060669,0.6153846383094788,0.0,0.6153846383094788,0.6153846383094788,0.0,0.0,0.5833333730697632,768,16,0.00016626628790334627,0.3353332291890718,concat,10,,
3,random,859,215,0.7998137802607076,0.20018621973929238,0.259604190919674,0.740395809080326,0.26046511627906976,0.7395348837209302,0.07692307692307693,0.9230769230769231,48,102,disabled e3,0.4217040240764618,0.7953488230705261,0.65625,0.7953488230705261,1.451598882675171,0.5833333134651184,0.75,0.8654537200927734,0.7679824829101562,0.8461538553237915,0.0,0.8461538553237915,0.8461538553237915,0.0,0.0,0.0,768,16,0.00016626628790334627,0.3353332291890718,concat,10,,
3,random,859,215,0.7998137802607076,0.20018621973929238,0.259604190919674,0.740395809080326,0.26046511627906976,0.7395348837209302,0.07692307692307693,0.9230769230769231,48,102,disabled cell,0.5048812627792358,0.734883725643158,0.5581395626068115,0.734883725643158,1.2930233478546143,0.4931506812572479,0.6428571343421936,0.816767692565918,0.762337327003479,0.692307710647583,0.0,0.692307710647583,0.692307710647583,0.0,0.0,0.0,768,16,0.00016626628790334627,0.3353332291890718,concat,10,,
3,random,859,215,0.7998137802607076,0.20018621973929238,0.259604190919674,0.740395809080326,0.26046511627906976,0.7395348837209302,0.07692307692307693,0.9230769230769231,48,102,disabled poi e3 smiles,0.539603590965271,0.7255814075469971,0.5042017102241516,0.7255814075469971,1.229783058166504,0.4761904776096344,0.5357142686843872,0.7681379318237305,0.5685395002365112,0.692307710647583,0.0,0.692307710647583,0.692307710647583,0.0,0.0,0.25,768,16,0.00016626628790334627,0.3353332291890718,concat,10,,
3,random,859,215,0.7998137802607076,0.20018621973929238,0.259604190919674,0.740395809080326,0.26046511627906976,0.7395348837209302,0.07692307692307693,0.9230769230769231,48,102,disabled poi e3 cell,0.5435433983802795,0.7162790894508362,0.4403669834136963,0.7162790894508362,1.1566460132598877,0.4528301954269409,0.4285714328289032,0.7158580422401428,0.5063707232475281,0.692307710647583,0.3333333432674408,0.692307710647583,1.0256410837173462,0.20000000298023224,1.0,0.75,768,16,0.00016626628790334627,0.3353332291890718,concat,10,,
4,random,860,214,0.8007448789571695,0.19925512104283055,0.26046511627906976,0.7395348837209302,0.2570093457943925,0.7429906542056075,0.07692307692307693,0.9230769230769231,43,108,,0.49358317255973816,0.7850467562675476,0.6760563254356384,0.7850467562675476,1.461103081703186,0.5517241358757019,0.8727272748947144,0.9017152786254883,0.9740471243858337,0.692307710647583,0.0,0.692307710647583,0.692307710647583,0.0,0.0,0.25,768,32,0.00010610998947748223,0.13255113755129627,concat,6,,
4,random,860,214,0.8007448789571695,0.19925512104283055,0.26046511627906976,0.7395348837209302,0.2570093457943925,0.7429906542056075,0.07692307692307693,0.9230769230769231,43,108,disabled smiles,0.41665762662887573,0.7663551568984985,0.6268656849861145,0.7663551568984985,1.3932209014892578,0.5316455960273743,0.7636363506317139,0.8742138147354126,0.8465439677238464,0.692307710647583,0.0,0.692307710647583,0.692307710647583,0.0,0.0,0.0,768,32,0.00010610998947748223,0.13255113755129627,concat,6,,
4,random,860,214,0.8007448789571695,0.19925512104283055,0.26046511627906976,0.7395348837209302,0.2570093457943925,0.7429906542056075,0.07692307692307693,0.9230769230769231,43,108,disabled poi,0.5439196228981018,0.7523364424705505,0.6015037298202515,0.7523364424705505,1.3538401126861572,0.5128205418586731,0.7272727489471436,0.8032017946243286,0.34148794412612915,0.8461538553237915,0.5,0.8461538553237915,1.3461538553237915,0.3333333432674408,1.0,0.8333333134651184,768,32,0.00010610998947748223,0.13255113755129627,concat,6,,
4,random,860,214,0.8007448789571695,0.19925512104283055,0.26046511627906976,0.7395348837209302,0.2570093457943925,0.7429906542056075,0.07692307692307693,0.9230769230769231,43,108,disabled e3,0.4362758696079254,0.7990654110908508,0.6814814805984497,0.7990654110908508,1.4805469512939453,0.574999988079071,0.8363636136054993,0.8715265989303589,0.6445645689964294,0.9230769276618958,0.0,0.9230769276618958,0.9230769276618958,0.0,0.0,0.0,768,32,0.00010610998947748223,0.13255113755129627,concat,6,,
4,random,860,214,0.8007448789571695,0.19925512104283055,0.26046511627906976,0.7395348837209302,0.2570093457943925,0.7429906542056075,0.07692307692307693,0.9230769230769231,43,108,disabled cell,0.4599778354167938,0.7710280418395996,0.573913037776947,0.7710280418395996,1.3449411392211914,0.550000011920929,0.6000000238418579,0.8333333730697632,0.6404210329055786,0.8461538553237915,0.0,0.8461538553237915,0.8461538553237915,0.0,0.0,0.0,768,32,0.00010610998947748223,0.13255113755129627,concat,6,,
4,random,860,214,0.8007448789571695,0.19925512104283055,0.26046511627906976,0.7395348837209302,0.2570093457943925,0.7429906542056075,0.07692307692307693,0.9230769230769231,43,108,disabled poi e3 smiles,0.5333731174468994,0.7523364424705505,0.5826771855354309,0.7523364424705505,1.3350136280059814,0.5138888955116272,0.6727272868156433,0.8093767762184143,0.6337226033210754,0.6153846383094788,0.0,0.6153846383094788,0.6153846383094788,0.0,0.0,0.5833333730697632,768,32,0.00010610998947748223,0.13255113755129627,concat,6,,
4,random,860,214,0.8007448789571695,0.19925512104283055,0.26046511627906976,0.7395348837209302,0.2570093457943925,0.7429906542056075,0.07692307692307693,0.9230769230769231,43,108,disabled poi e3 cell,0.6796397566795349,0.6214953064918518,0.5090909004211426,0.6214953064918518,1.1305861473083496,0.38181817531585693,0.7636363506317139,0.7198399305343628,0.6174545884132385,0.692307710647583,0.3333333432674408,0.692307710647583,1.0256410837173462,0.20000000298023224,1.0,0.9166666865348816,768,32,0.00010610998947748223,0.13255113755129627,concat,6,,
0,uniprot,893,181,0.8314711359404097,0.1685288640595903,0.28331466965285557,0.7166853303471444,0.143646408839779,0.856353591160221,0.07692307692307693,0.9230769230769231,0,20,,0.4534050226211548,0.8342541456222534,0.1666666716337204,0.8342541456222534,1.0009207725524902,0.30000001192092896,0.11538461595773697,0.5960297584533691,0.8965493440628052,0.5384615659713745,0.0,0.5384615659713745,0.5384615659713745,0.0,0.0,0.0,256,32,0.00016772698652918868,0.6866810049303773,concat,11,55.0,10.0
0,uniprot,893,181,0.8314711359404097,0.1685288640595903,0.28331466965285557,0.7166853303471444,0.143646408839779,0.856353591160221,0.07692307692307693,0.9230769230769231,0,20,disabled smiles,0.4177824556827545,0.8508287072181702,0.06896551698446274,0.8508287072181702,0.9197942018508911,0.3333333432674408,0.03846153989434242,0.6774193048477173,0.8900344371795654,0.692307710647583,0.0,0.692307710647583,0.692307710647583,0.0,0.0,0.0,256,32,0.00016772698652918868,0.6866810049303773,concat,11,55.0,10.0
0,uniprot,893,181,0.8314711359404097,0.1685288640595903,0.28331466965285557,0.7166853303471444,0.143646408839779,0.856353591160221,0.07692307692307693,0.9230769230769231,0,20,disabled poi,0.7758087515830994,0.5248618721961975,0.1568627506494522,0.5248618721961975,0.6817246079444885,0.10526315867900848,0.3076923191547394,0.43821340799331665,0.7007104158401489,0.6153846383094788,0.0,0.6153846383094788,0.6153846383094788,0.0,0.0,0.4166666865348816,256,32,0.00016772698652918868,0.6866810049303773,concat,11,55.0,10.0
0,uniprot,893,181,0.8314711359404097,0.1685288640595903,0.28331466965285557,0.7166853303471444,0.143646408839779,0.856353591160221,0.07692307692307693,0.9230769230769231,0,20,disabled e3,0.5676182508468628,0.7900552749633789,0.17391304671764374,0.7900552749633789,0.9639683365821838,0.20000000298023224,0.1538461595773697,0.48312652111053467,0.8851895928382874,0.5384615659713745,0.0,0.5384615659713745,0.5384615659713745,0.0,0.0,0.0,256,32,0.00016772698652918868,0.6866810049303773,concat,11,55.0,10.0
0,uniprot,893,181,0.8314711359404097,0.1685288640595903,0.28331466965285557,0.7166853303471444,0.143646408839779,0.856353591160221,0.07692307692307693,0.9230769230769231,0,20,disabled cell,0.4642336964607239,0.8397790193557739,0.06451612710952759,0.8397790193557739,0.9042951464653015,0.20000000298023224,0.03846153989434242,0.5488834381103516,0.6462687849998474,0.8461538553237915,0.0,0.8461538553237915,0.8461538553237915,0.0,0.0,0.0,256,32,0.00016772698652918868,0.6866810049303773,concat,11,55.0,10.0
0,uniprot,893,181,0.8314711359404097,0.1685288640595903,0.28331466965285557,0.7166853303471444,0.143646408839779,0.856353591160221,0.07692307692307693,0.9230769230769231,0,20,disabled poi e3 smiles,0.66106116771698,0.7071823477745056,0.23188406229019165,0.7071823477745056,0.9390664100646973,0.1860465109348297,0.3076923191547394,0.5177419185638428,0.7892321944236755,0.4615384638309479,0.0,0.4615384638309479,0.4615384638309479,0.0,0.0,0.1666666865348816,256,32,0.00016772698652918868,0.6866810049303773,concat,11,55.0,10.0
0,uniprot,893,181,0.8314711359404097,0.1685288640595903,0.28331466965285557,0.7166853303471444,0.143646408839779,0.856353591160221,0.07692307692307693,0.9230769230769231,0,20,disabled poi e3 cell,1.0046290159225464,0.37016573548316956,0.25974026322364807,0.37016573548316956,0.6299059987068176,0.15625,0.7692307829856873,0.5258064866065979,0.7846564054489136,0.4615384638309479,0.2222222238779068,0.4615384638309479,0.6837607026100159,0.125,1.0,0.9166666865348816,256,32,0.00016772698652918868,0.6866810049303773,concat,11,55.0,10.0
1,uniprot,876,198,0.8156424581005587,0.18435754189944134,0.2522831050228311,0.747716894977169,0.29292929292929293,0.7070707070707071,0.07692307692307693,0.9230769230769231,0,14,,0.6912462115287781,0.5252525210380554,0.17543859779834747,0.5252525210380554,0.7006911039352417,0.1785714328289032,0.17241379618644714,0.42918717861175537,0.6349537372589111,0.8461538553237915,0.0,0.8461538553237915,0.8461538553237915,0.0,0.0,0.0,256,8,2.0548745695200694e-05,0.7933600740191676,concat,14,56.0,9.0
1,uniprot,876,198,0.8156424581005587,0.18435754189944134,0.2522831050228311,0.747716894977169,0.29292929292929293,0.7070707070707071,0.07692307692307693,0.9230769230769231,0,14,disabled smiles,1.0955744981765747,0.5101010203361511,0.48677247762680054,0.5101010203361511,0.9968734979629517,0.35114502906799316,0.7931034564971924,0.6424261331558228,0.7508934736251831,0.692307710647583,0.0,0.692307710647583,0.692307710647583,0.0,0.0,0.08333331346511841,256,8,2.0548745695200694e-05,0.7933600740191676,concat,14,56.0,9.0
1,uniprot,876,198,0.8156424581005587,0.18435754189944134,0.2522831050228311,0.747716894977169,0.29292929292929293,0.7070707070707071,0.07692307692307693,0.9230769230769231,0,14,disabled poi,1.1455005407333374,0.4595959484577179,0.4512820541858673,0.4595959484577179,0.9108780026435852,0.32116788625717163,0.7586206793785095,0.4754926264286041,0.49092572927474976,0.6153846383094788,0.0,0.6153846383094788,0.6153846383094788,0.0,0.0,0.6666666269302368,256,8,2.0548745695200694e-05,0.7933600740191676,concat,14,56.0,9.0
1,uniprot,876,198,0.8156424581005587,0.18435754189944134,0.2522831050228311,0.747716894977169,0.29292929292929293,0.7070707070707071,0.07692307692307693,0.9230769230769231,0,14,disabled e3,1.0935477018356323,0.46464645862579346,0.42391303181648254,0.46464645862579346,0.8885594606399536,0.3095238208770752,0.6724137663841248,0.5236453413963318,0.6788313984870911,0.692307710647583,0.0,0.692307710647583,0.692307710647583,0.0,0.0,0.0,256,8,2.0548745695200694e-05,0.7933600740191676,concat,14,56.0,9.0
1,uniprot,876,198,0.8156424581005587,0.18435754189944134,0.2522831050228311,0.747716894977169,0.29292929292929293,0.7070707070707071,0.07692307692307693,0.9230769230769231,0,14,disabled cell,0.9266204237937927,0.4747474789619446,0.24637681245803833,0.4747474789619446,0.7211242914199829,0.21250000596046448,0.2931034564971924,0.49593597650527954,0.6411826014518738,0.8461538553237915,0.0,0.8461538553237915,0.8461538553237915,0.0,0.0,0.08333331346511841,256,8,2.0548745695200694e-05,0.7933600740191676,concat,14,56.0,9.0
1,uniprot,876,198,0.8156424581005587,0.18435754189944134,0.2522831050228311,0.747716894977169,0.29292929292929293,0.7070707070707071,0.07692307692307693,0.9230769230769231,0,14,disabled poi e3 smiles,1.0671687126159668,0.4595959484577179,0.5069124698638916,0.4595959484577179,0.9665083885192871,0.3459119498729706,0.9482758641242981,0.6092364192008972,0.7673556804656982,0.6153846383094788,0.0,0.6153846383094788,0.6153846383094788,0.0,0.0,0.1666666865348816,256,8,2.0548745695200694e-05,0.7933600740191676,concat,14,56.0,9.0
1,uniprot,876,198,0.8156424581005587,0.18435754189944134,0.2522831050228311,0.747716894977169,0.29292929292929293,0.7070707070707071,0.07692307692307693,0.9230769230769231,0,14,disabled poi e3 cell,0.8992798924446106,0.4848484992980957,0.30136987566947937,0.4848484992980957,0.7862184047698975,0.25,0.37931033968925476,0.4283251166343689,0.603691816329956,0.6153846383094788,0.2857142984867096,0.6153846383094788,0.9010989665985107,0.1666666716337204,1.0,0.75,256,8,2.0548745695200694e-05,0.7933600740191676,concat,14,56.0,9.0
2,uniprot,1015,59,0.9450651769087524,0.05493482309124767,0.24433497536945814,0.7556650246305419,0.5254237288135594,0.4745762711864407,0.07692307692307693,0.9230769230769231,0,11,,0.6937682628631592,0.4237288236618042,0.10526315867900848,0.4237288236618042,0.5289919972419739,0.2857142984867096,0.06451612710952759,0.578341007232666,0.6559783220291138,0.9230769276618958,0.0,0.9230769276618958,0.9230769276618958,0.0,0.0,0.1666666865348816,256,16,3.0967083712072556e-05,0.7825772188520063,sum,13,56.0,9.0
2,uniprot,1015,59,0.9450651769087524,0.05493482309124767,0.24433497536945814,0.7556650246305419,0.5254237288135594,0.4745762711864407,0.07692307692307693,0.9230769230769231,0,11,disabled smiles,1.2339656352996826,0.47457626461982727,0.20512820780277252,0.47457626461982727,0.679704487323761,0.5,0.12903225421905518,0.4861751198768616,0.8462024331092834,0.692307710647583,0.0,0.692307710647583,0.692307710647583,0.0,0.0,0.0,256,16,3.0967083712072556e-05,0.7825772188520063,sum,13,56.0,9.0
2,uniprot,1015,59,0.9450651769087524,0.05493482309124767,0.24433497536945814,0.7556650246305419,0.5254237288135594,0.4745762711864407,0.07692307692307693,0.9230769230769231,0,11,disabled poi,0.7302329540252686,0.6101694703102112,0.5660377144813538,0.6101694703102112,1.176207184791565,0.6818181872367859,0.4838709533214569,0.7050691246986389,0.5765672326087952,0.6153846383094788,0.2857142984867096,0.6153846383094788,0.9010989665985107,0.1666666716337204,1.0,0.9166666865348816,256,16,3.0967083712072556e-05,0.7825772188520063,sum,13,56.0,9.0
2,uniprot,1015,59,0.9450651769087524,0.05493482309124767,0.24433497536945814,0.7556650246305419,0.5254237288135594,0.4745762711864407,0.07692307692307693,0.9230769230769231,0,11,disabled e3,1.285068392753601,0.49152541160583496,0.25,0.49152541160583496,0.741525411605835,0.5555555820465088,0.16129031777381897,0.6059907674789429,0.8408297300338745,0.692307710647583,0.0,0.692307710647583,0.692307710647583,0.0,0.0,0.0,256,16,3.0967083712072556e-05,0.7825772188520063,sum,13,56.0,9.0
2,uniprot,1015,59,0.9450651769087524,0.05493482309124767,0.24433497536945814,0.7556650246305419,0.5254237288135594,0.4745762711864407,0.07692307692307693,0.9230769230769231,0,11,disabled cell,1.4776040315628052,0.508474588394165,0.21621622145175934,0.508474588394165,0.7246907949447632,0.6666666865348816,0.12903225421905518,0.4717741906642914,0.8470534086227417,0.7692307829856873,0.0,0.7692307829856873,0.7692307829856873,0.0,0.0,0.0,256,16,3.0967083712072556e-05,0.7825772188520063,sum,13,56.0,9.0
2,uniprot,1015,59,0.9450651769087524,0.05493482309124767,0.24433497536945814,0.7556650246305419,0.5254237288135594,0.4745762711864407,0.07692307692307693,0.9230769230769231,0,11,disabled poi e3 smiles,0.5518052577972412,0.7288135886192322,0.7037037014961243,0.7288135886192322,1.4325172901153564,0.8260869383811951,0.6129032373428345,0.807603657245636,0.6270097494125366,0.6153846383094788,0.0,0.6153846383094788,0.6153846383094788,0.0,0.0,0.4166666865348816,256,16,3.0967083712072556e-05,0.7825772188520063,sum,13,56.0,9.0
2,uniprot,1015,59,0.9450651769087524,0.05493482309124767,0.24433497536945814,0.7556650246305419,0.5254237288135594,0.4745762711864407,0.07692307692307693,0.9230769230769231,0,11,disabled poi e3 cell,0.9955587983131409,0.4237288236618042,0.260869562625885,0.4237288236618042,0.6845983862876892,0.4000000059604645,0.19354838132858276,0.5443547964096069,0.5360821485519409,0.7692307829856873,0.4000000059604645,0.7692307829856873,1.1692308187484741,0.25,1.0,0.8333333134651184,256,16,3.0967083712072556e-05,0.7825772188520063,sum,13,56.0,9.0
3,uniprot,733,341,0.6824953445065177,0.31750465549348234,0.24829467939972716,0.7517053206002728,0.2844574780058651,0.7155425219941349,0.07692307692307693,0.9230769230769231,0,50,,0.6042519807815552,0.6158357858657837,0.3963133692741394,0.6158357858657837,1.0121490955352783,0.3583333194255829,0.44329896569252014,0.668582022190094,0.5024456977844238,0.9230769276618958,0.0,0.9230769276618958,0.9230769276618958,0.0,0.0,0.0,256,8,1.4271140003322025e-05,0.3010348015013539,concat,4,51.0,14.0
3,uniprot,733,341,0.6824953445065177,0.31750465549348234,0.24829467939972716,0.7517053206002728,0.2844574780058651,0.7155425219941349,0.07692307692307693,0.9230769230769231,0,50,disabled smiles,0.7770370244979858,0.6451612710952759,0.5468164682388306,0.6451612710952759,1.1919777393341064,0.42941176891326904,0.7525773048400879,0.6946510076522827,0.8858117461204529,0.7692307829856873,0.0,0.7692307829856873,0.7692307829856873,0.0,0.0,0.0,256,8,1.4271140003322025e-05,0.3010348015013539,concat,4,51.0,14.0
3,uniprot,733,341,0.6824953445065177,0.31750465549348234,0.24829467939972716,0.7517053206002728,0.2844574780058651,0.7155425219941349,0.07692307692307693,0.9230769230769231,0,50,disabled poi,0.703051745891571,0.6950146555900574,0.13333334028720856,0.6950146555900574,0.8283479809761047,0.3478260934352875,0.0824742242693901,0.6430200934410095,0.29153120517730713,0.9230769276618958,0.0,0.9230769276618958,0.9230769276618958,0.0,0.0,0.6666666269302368,256,8,1.4271140003322025e-05,0.3010348015013539,concat,4,51.0,14.0
3,uniprot,733,341,0.6824953445065177,0.31750465549348234,0.24829467939972716,0.7517053206002728,0.2844574780058651,0.7155425219941349,0.07692307692307693,0.9230769230769231,0,50,disabled e3,0.6618250608444214,0.6304985284805298,0.25882354378700256,0.6304985284805298,0.88932204246521,0.30136987566947937,0.22680412232875824,0.6494845151901245,0.7050008773803711,0.8461538553237915,0.0,0.8461538553237915,0.8461538553237915,0.0,0.0,0.0,256,8,1.4271140003322025e-05,0.3010348015013539,concat,4,51.0,14.0
3,uniprot,733,341,0.6824953445065177,0.31750465549348234,0.24829467939972716,0.7517053206002728,0.2844574780058651,0.7155425219941349,0.07692307692307693,0.9230769230769231,0,50,disabled cell,0.7553027868270874,0.6304985284805298,0.28409090638160706,0.6304985284805298,0.9145894050598145,0.3164556920528412,0.25773194432258606,0.5593416690826416,0.7048922181129456,0.8461538553237915,0.0,0.8461538553237915,0.8461538553237915,0.0,0.0,0.0,256,8,1.4271140003322025e-05,0.3010348015013539,concat,4,51.0,14.0
3,uniprot,733,341,0.6824953445065177,0.31750465549348234,0.24829467939972716,0.7517053206002728,0.2844574780058651,0.7155425219941349,0.07692307692307693,0.9230769230769231,0,50,disabled poi e3 smiles,0.5474222898483276,0.7243402004241943,0.46590909361839294,0.7243402004241943,1.1902493238449097,0.5189873576164246,0.42268040776252747,0.7267829775810242,0.5258334875106812,0.7692307829856873,0.0,0.7692307829856873,0.7692307829856873,0.0,0.0,0.5,256,8,1.4271140003322025e-05,0.3010348015013539,concat,4,51.0,14.0
3,uniprot,733,341,0.6824953445065177,0.31750465549348234,0.24829467939972716,0.7517053206002728,0.2844574780058651,0.7155425219941349,0.07692307692307693,0.9230769230769231,0,50,disabled poi e3 cell,0.7650655508041382,0.49560117721557617,0.2711864411830902,0.49560117721557617,0.7667876482009888,0.23021583259105682,0.3298968970775604,0.5010351538658142,0.5054481029510498,0.692307710647583,0.3333333432674408,0.692307710647583,1.0256410837173462,0.20000000298023224,1.0,1.0,256,8,1.4271140003322025e-05,0.3010348015013539,concat,4,51.0,14.0
4,uniprot,779,295,0.7253258845437617,0.2746741154562384,0.27214377406931967,0.7278562259306803,0.2271186440677966,0.7728813559322034,0.07692307692307693,0.9230769230769231,0,62,,0.7067162990570068,0.6135593056678772,0.3870967626571655,0.6135593056678772,1.0006561279296875,0.3025210201740265,0.5373134613037109,0.6698415875434875,0.6462787985801697,0.8461538553237915,0.0,0.8461538553237915,0.8461538553237915,0.0,0.0,0.1666666865348816,256,8,4.435635234807939e-05,0.2451209151965844,concat,3,42.0,23.0
4,uniprot,779,295,0.7253258845437617,0.2746741154562384,0.27214377406931967,0.7278562259306803,0.2271186440677966,0.7728813559322034,0.07692307692307693,0.9230769230769231,0,62,disabled smiles,0.676571786403656,0.6610169410705566,0.5327102541923523,0.6610169410705566,1.1937272548675537,0.3877550959587097,0.8507462739944458,0.7248625755310059,0.7215731143951416,0.8461538553237915,0.0,0.8461538553237915,0.8461538553237915,0.0,0.0,0.1666666865348816,256,8,4.435635234807939e-05,0.2451209151965844,concat,3,42.0,23.0
4,uniprot,779,295,0.7253258845437617,0.2746741154562384,0.27214377406931967,0.7278562259306803,0.2271186440677966,0.7728813559322034,0.07692307692307693,0.9230769230769231,0,62,disabled poi,0.7282980680465698,0.6305084824562073,0.34730538725852966,0.6305084824562073,0.9778138399124146,0.28999999165534973,0.43283581733703613,0.6471916437149048,0.47015348076820374,0.7692307829856873,0.0,0.7692307829856873,0.7692307829856873,0.0,0.0,0.8333333134651184,256,8,4.435635234807939e-05,0.2451209151965844,concat,3,42.0,23.0
4,uniprot,779,295,0.7253258845437617,0.2746741154562384,0.27214377406931967,0.7278562259306803,0.2271186440677966,0.7728813559322034,0.07692307692307693,0.9230769230769231,0,62,disabled e3,0.7235119938850403,0.6305084824562073,0.4293193817138672,0.6305084824562073,1.0598278045654297,0.3306451737880707,0.611940324306488,0.6640154719352722,0.6807907819747925,0.8461538553237915,0.0,0.8461538553237915,0.8461538553237915,0.0,0.0,0.0,256,8,4.435635234807939e-05,0.2451209151965844,concat,3,42.0,23.0
4,uniprot,779,295,0.7253258845437617,0.2746741154562384,0.27214377406931967,0.7278562259306803,0.2271186440677966,0.7728813559322034,0.07692307692307693,0.9230769230769231,0,62,disabled cell,0.6360450983047485,0.6610169410705566,0.43820226192474365,0.6610169410705566,1.0992192029953003,0.3513513505458832,0.5820895433425903,0.6718381643295288,0.6664928197860718,0.7692307829856873,0.0,0.7692307829856873,0.7692307829856873,0.0,0.0,0.08333331346511841,256,8,4.435635234807939e-05,0.2451209151965844,concat,3,42.0,23.0
4,uniprot,779,295,0.7253258845437617,0.2746741154562384,0.27214377406931967,0.7278562259306803,0.2271186440677966,0.7728813559322034,0.07692307692307693,0.9230769230769231,0,62,disabled poi e3 smiles,0.7220394015312195,0.6576271057128906,0.5388127565383911,0.6576271057128906,1.1964398622512817,0.3881579041481018,0.8805969953536987,0.7421772480010986,0.7380451560020447,0.5384615659713745,0.0,0.5384615659713745,0.5384615659713745,0.0,0.0,0.3333333134651184,256,8,4.435635234807939e-05,0.2451209151965844,concat,3,42.0,23.0
4,uniprot,779,295,0.7253258845437617,0.2746741154562384,0.27214377406931967,0.7278562259306803,0.2271186440677966,0.7728813559322034,0.07692307692307693,0.9230769230769231,0,62,disabled poi e3 cell,0.8426668047904968,0.4847457706928253,0.26923078298568726,0.4847457706928253,0.753976583480835,0.19858156144618988,0.41791045665740967,0.45915162563323975,0.9189602136611938,0.4615384638309479,0.2222222238779068,0.4615384638309479,0.6837607026100159,0.125,1.0,0.9166666865348816,256,8,4.435635234807939e-05,0.2451209151965844,concat,3,42.0,23.0
0,tanimoto,754,320,0.702048417132216,0.297951582867784,0.23342175066312998,0.76657824933687,0.321875,0.678125,0.07692307692307693,0.9230769230769231,46,0,,0.5657854080200195,0.706250011920929,0.5607476830482483,0.706250011920929,1.2669976949691772,0.5405405163764954,0.582524299621582,0.7812625765800476,0.5636135339736938,0.9230769276618958,0.0,0.9230769276618958,0.9230769276618958,0.0,0.0,0.0,768,8,1.6394034942878526e-05,0.3395901947324025,concat,11,36.0,15.0
0,tanimoto,754,320,0.702048417132216,0.297951582867784,0.23342175066312998,0.76657824933687,0.321875,0.678125,0.07692307692307693,0.9230769230769231,46,0,disabled smiles,0.5553889274597168,0.7250000238418579,0.5769230723381042,0.7250000238418579,1.3019230365753174,0.5714285969734192,0.582524299621582,0.7892040610313416,0.6084226369857788,0.7692307829856873,0.0,0.7692307829856873,0.7692307829856873,0.0,0.0,0.0,768,8,1.6394034942878526e-05,0.3395901947324025,concat,11,36.0,15.0
0,tanimoto,754,320,0.702048417132216,0.297951582867784,0.23342175066312998,0.76657824933687,0.321875,0.678125,0.07692307692307693,0.9230769230769231,46,0,disabled poi,0.7015119791030884,0.6812499761581421,0.5641025900840759,0.6812499761581421,1.2453525066375732,0.5038167834281921,0.6407766938209534,0.7183347344398499,0.45286738872528076,0.8461538553237915,0.5,0.8461538553237915,1.3461538553237915,0.3333333432674408,1.0,0.8333333134651184,768,8,1.6394034942878526e-05,0.3395901947324025,concat,11,36.0,15.0
0,tanimoto,754,320,0.702048417132216,0.297951582867784,0.23342175066312998,0.76657824933687,0.321875,0.678125,0.07692307692307693,0.9230769230769231,46,0,disabled e3,0.6328859329223633,0.7281249761581421,0.6266094446182251,0.7281249761581421,1.3547344207763672,0.5615384578704834,0.708737850189209,0.7815757989883423,0.6635437607765198,0.8461538553237915,0.0,0.8461538553237915,0.8461538553237915,0.0,0.0,0.0,768,8,1.6394034942878526e-05,0.3395901947324025,concat,11,36.0,15.0
0,tanimoto,754,320,0.702048417132216,0.297951582867784,0.23342175066312998,0.76657824933687,0.321875,0.678125,0.07692307692307693,0.9230769230769231,46,0,disabled cell,0.6205125451087952,0.668749988079071,0.49038460850715637,0.668749988079071,1.1591346263885498,0.48571428656578064,0.49514561891555786,0.7453358173370361,0.6102564334869385,0.9230769276618958,0.0,0.9230769276618958,0.9230769276618958,0.0,0.0,0.0,768,8,1.6394034942878526e-05,0.3395901947324025,concat,11,36.0,15.0
0,tanimoto,754,320,0.702048417132216,0.297951582867784,0.23342175066312998,0.76657824933687,0.321875,0.678125,0.07692307692307693,0.9230769230769231,46,0,disabled poi e3 smiles,0.5943735837936401,0.715624988079071,0.5284973978996277,0.715624988079071,1.2441223859786987,0.5666666626930237,0.49514561891555786,0.7352467179298401,0.5572169423103333,0.6153846383094788,0.0,0.6153846383094788,0.6153846383094788,0.0,0.0,0.5833333730697632,768,8,1.6394034942878526e-05,0.3395901947324025,concat,11,36.0,15.0
0,tanimoto,754,320,0.702048417132216,0.297951582867784,0.23342175066312998,0.76657824933687,0.321875,0.678125,0.07692307692307693,0.9230769230769231,46,0,disabled poi e3 cell,0.6167041063308716,0.6937500238418579,0.46739131212234497,0.6937500238418579,1.1611413955688477,0.5308641791343689,0.41747573018074036,0.6684712171554565,0.3599667549133301,0.7692307829856873,0.0,0.7692307829856873,0.7692307829856873,0.0,0.0,0.8333333134651184,768,8,1.6394034942878526e-05,0.3395901947324025,concat,11,36.0,15.0
1,tanimoto,854,220,0.7951582867783985,0.2048417132216015,0.27400468384074944,0.7259953161592506,0.20454545454545456,0.7954545454545454,0.07692307692307693,0.9230769230769231,45,0,,0.6101130843162537,0.7954545617103577,0.6280992031097412,0.7954545617103577,1.423553705215454,0.5,0.8444444537162781,0.8797459602355957,1.6511874198913574,0.6153846383094788,0.0,0.6153846383094788,0.6153846383094788,0.0,0.0,0.4166666865348816,768,16,0.00017652936131227085,0.19643506474735095,concat,11,44.0,7.0
1,tanimoto,854,220,0.7951582867783985,0.2048417132216015,0.27400468384074944,0.7259953161592506,0.20454545454545456,0.7954545454545454,0.07692307692307693,0.9230769230769231,45,0,disabled smiles,0.5350263714790344,0.699999988079071,0.5479452013969421,0.699999988079071,1.2479451894760132,0.39603960514068604,0.8888888955116272,0.8787937164306641,0.7972922921180725,0.692307710647583,0.0,0.692307710647583,0.692307710647583,0.0,0.0,0.08333331346511841,768,16,0.00017652936131227085,0.19643506474735095,concat,11,44.0,7.0
1,tanimoto,854,220,0.7951582867783985,0.2048417132216015,0.27400468384074944,0.7259953161592506,0.20454545454545456,0.7954545454545454,0.07692307692307693,0.9230769230769231,45,0,disabled poi,0.4806276261806488,0.7681818008422852,0.5405405163764954,0.7681818008422852,1.3087222576141357,0.4545454680919647,0.6666666865348816,0.8063492178916931,0.3944435119628906,0.8461538553237915,0.5,0.8461538553237915,1.3461538553237915,0.3333333432674408,1.0,0.8333333134651184,768,16,0.00017652936131227085,0.19643506474735095,concat,11,44.0,7.0
1,tanimoto,854,220,0.7951582867783985,0.2048417132216015,0.27400468384074944,0.7259953161592506,0.20454545454545456,0.7954545454545454,0.07692307692307693,0.9230769230769231,45,0,disabled e3,0.4114686846733093,0.7954545617103577,0.5054945349693298,0.7954545617103577,1.3009490966796875,0.5,0.5111111402511597,0.8350476622581482,0.5565276741981506,0.8461538553237915,0.0,0.8461538553237915,0.8461538553237915,0.0,0.0,0.0,768,16,0.00017652936131227085,0.19643506474735095,concat,11,44.0,7.0
1,tanimoto,854,220,0.7951582867783985,0.2048417132216015,0.27400468384074944,0.7259953161592506,0.20454545454545456,0.7954545454545454,0.07692307692307693,0.9230769230769231,45,0,disabled cell,0.6077744960784912,0.6454545259475708,0.40909090638160706,0.6454545259475708,1.0545454025268555,0.3103448152542114,0.6000000238418579,0.7358095049858093,0.6943657994270325,0.7692307829856873,0.0,0.7692307829856873,0.7692307829856873,0.0,0.0,0.08333331346511841,768,16,0.00017652936131227085,0.19643506474735095,concat,11,44.0,7.0
1,tanimoto,854,220,0.7951582867783985,0.2048417132216015,0.27400468384074944,0.7259953161592506,0.20454545454545456,0.7954545454545454,0.07692307692307693,0.9230769230769231,45,0,disabled poi e3 smiles,0.5160195827484131,0.7681818008422852,0.5714285969734192,0.7681818008422852,1.3396103382110596,0.45945945382118225,0.7555555701255798,0.8448253870010376,0.6413524150848389,0.692307710647583,0.0,0.692307710647583,0.692307710647583,0.0,0.0,0.25,768,16,0.00017652936131227085,0.19643506474735095,concat,11,44.0,7.0
1,tanimoto,854,220,0.7951582867783985,0.2048417132216015,0.27400468384074944,0.7259953161592506,0.20454545454545456,0.7954545454545454,0.07692307692307693,0.9230769230769231,45,0,disabled poi e3 cell,0.6218985915184021,0.6954545378684998,0.37383177876472473,0.6954545378684998,1.0692863464355469,0.32258063554763794,0.4444444477558136,0.6366349458694458,0.5212982892990112,0.7692307829856873,0.4000000059604645,0.7692307829856873,1.1692308187484741,0.25,1.0,0.75,768,16,0.00017652936131227085,0.19643506474735095,concat,11,44.0,7.0
2,tanimoto,884,190,0.8230912476722533,0.17690875232774675,0.24660633484162897,0.753393665158371,0.32105263157894737,0.6789473684210526,0.07692307692307693,0.9230769230769231,46,0,,0.5750437378883362,0.7105262875556946,0.6405228972434998,0.7105262875556946,1.3510491847991943,0.532608687877655,0.8032786846160889,0.7830092906951904,0.6016091704368591,0.692307710647583,0.0,0.692307710647583,0.692307710647583,0.0,0.0,0.08333331346511841,256,8,7.019069177515698e-05,0.7511322959251955,sum,6,40.0,11.0
2,tanimoto,884,190,0.8230912476722533,0.17690875232774675,0.24660633484162897,0.753393665158371,0.32105263157894737,0.6789473684210526,0.07692307692307693,0.9230769230769231,46,0,disabled smiles,0.631632924079895,0.7157894968986511,0.6351351141929626,0.7157894968986511,1.3509246110916138,0.540229856967926,0.7704917788505554,0.7629940509796143,1.0406603813171387,0.692307710647583,0.0,0.692307710647583,0.692307710647583,0.0,0.0,0.0,256,8,7.019069177515698e-05,0.7511322959251955,sum,6,40.0,11.0
2,tanimoto,884,190,0.8230912476722533,0.17690875232774675,0.24660633484162897,0.753393665158371,0.32105263157894737,0.6789473684210526,0.07692307692307693,0.9230769230769231,46,0,disabled poi,0.6313943266868591,0.678947389125824,0.5413534045219421,0.678947389125824,1.2203007936477661,0.5,0.5901639461517334,0.7310967445373535,0.4599710702896118,0.7692307829856873,0.4000000059604645,0.7692307829856873,1.1692308187484741,0.25,1.0,0.8333333134651184,256,8,7.019069177515698e-05,0.7511322959251955,sum,6,40.0,11.0
2,tanimoto,884,190,0.8230912476722533,0.17690875232774675,0.24660633484162897,0.753393665158371,0.32105263157894737,0.6789473684210526,0.07692307692307693,0.9230769230769231,46,0,disabled e3,0.6343211531639099,0.7105262875556946,0.5454545617103577,0.7105262875556946,1.2559808492660522,0.550000011920929,0.5409836173057556,0.7710636854171753,0.7485954761505127,0.8461538553237915,0.0,0.8461538553237915,0.8461538553237915,0.0,0.0,0.0,256,8,7.019069177515698e-05,0.7511322959251955,sum,6,40.0,11.0
2,tanimoto,884,190,0.8230912476722533,0.17690875232774675,0.24660633484162897,0.753393665158371,0.32105263157894737,0.6789473684210526,0.07692307692307693,0.9230769230769231,46,0,disabled cell,0.6803278923034668,0.7263157963752747,0.5272727012634277,0.7263157963752747,1.2535884380340576,0.5918367505073547,0.4754098355770111,0.7481890916824341,0.7050114870071411,0.9230769276618958,0.0,0.9230769276618958,0.9230769276618958,0.0,0.0,0.0,256,8,7.019069177515698e-05,0.7511322959251955,sum,6,40.0,11.0
2,tanimoto,884,190,0.8230912476722533,0.17690875232774675,0.24660633484162897,0.753393665158371,0.32105263157894737,0.6789473684210526,0.07692307692307693,0.9230769230769231,46,0,disabled poi e3 smiles,0.6451476812362671,0.6315789222717285,0.469696968793869,0.6315789222717285,1.10127592086792,0.43661972880363464,0.5081967115402222,0.6645698547363281,0.6918178796768188,0.6153846383094788,0.0,0.6153846383094788,0.6153846383094788,0.0,0.0,0.1666666865348816,256,8,7.019069177515698e-05,0.7511322959251955,sum,6,40.0,11.0
2,tanimoto,884,190,0.8230912476722533,0.17690875232774675,0.24660633484162897,0.753393665158371,0.32105263157894737,0.6789473684210526,0.07692307692307693,0.9230769230769231,46,0,disabled poi e3 cell,0.6474764347076416,0.6315789222717285,0.38596490025520325,0.6315789222717285,1.0175437927246094,0.4150943458080292,0.3606557250022888,0.5688779354095459,0.4243086278438568,0.9230769276618958,0.6666666865348816,0.9230769276618958,1.5897436141967773,0.5,1.0,0.9166666865348816,256,8,7.019069177515698e-05,0.7511322959251955,sum,6,40.0,11.0
3,tanimoto,960,114,0.8938547486033519,0.10614525139664804,0.26875,0.73125,0.18421052631578946,0.8157894736842105,0.07692307692307693,0.9230769230769231,34,0,,0.49911582469940186,0.7456140518188477,0.4313725531101227,0.7456140518188477,1.176986575126648,0.36666667461395264,0.523809552192688,0.7951868772506714,0.5262360572814941,0.8461538553237915,0.0,0.8461538553237915,0.8461538553237915,0.0,0.0,0.0,512,16,5.5053983213192194e-05,0.7902737513256155,concat,9,42.0,9.0
3,tanimoto,960,114,0.8938547486033519,0.10614525139664804,0.26875,0.73125,0.18421052631578946,0.8157894736842105,0.07692307692307693,0.9230769230769231,34,0,disabled smiles,0.5623278617858887,0.7543859481811523,0.48148149251937866,0.7543859481811523,1.2358675003051758,0.39393940567970276,0.6190476417541504,0.7828980684280396,0.8873656392097473,0.692307710647583,0.0,0.692307710647583,0.692307710647583,0.0,0.0,0.0,512,16,5.5053983213192194e-05,0.7902737513256155,concat,9,42.0,9.0
3,tanimoto,960,114,0.8938547486033519,0.10614525139664804,0.26875,0.73125,0.18421052631578946,0.8157894736842105,0.07692307692307693,0.9230769230769231,34,0,disabled poi,0.7557992339134216,0.7017543911933899,0.4333333373069763,0.7017543911933899,1.1350877285003662,0.3333333432674408,0.6190476417541504,0.704301118850708,0.7146459221839905,0.6153846383094788,0.2857142984867096,0.6153846383094788,0.9010989665985107,0.1666666716337204,1.0,0.6666666269302368,512,16,5.5053983213192194e-05,0.7902737513256155,concat,9,42.0,9.0
3,tanimoto,960,114,0.8938547486033519,0.10614525139664804,0.26875,0.73125,0.18421052631578946,0.8157894736842105,0.07692307692307693,0.9230769230769231,34,0,disabled e3,0.5693530440330505,0.7894737124443054,0.4285714328289032,0.7894737124443054,1.2180451154708862,0.4285714328289032,0.4285714328289032,0.7931387424468994,0.6247036457061768,0.9230769276618958,0.0,0.9230769276618958,0.9230769276618958,0.0,0.0,0.0,512,16,5.5053983213192194e-05,0.7902737513256155,concat,9,42.0,9.0
3,tanimoto,960,114,0.8938547486033519,0.10614525139664804,0.26875,0.73125,0.18421052631578946,0.8157894736842105,0.07692307692307693,0.9230769230769231,34,0,disabled cell,0.6400812268257141,0.780701756477356,0.3243243098258972,0.780701756477356,1.1050260066986084,0.375,0.2857142984867096,0.7068612575531006,0.7620417475700378,0.692307710647583,0.0,0.692307710647583,0.692307710647583,0.0,0.0,0.08333331346511841,512,16,5.5053983213192194e-05,0.7902737513256155,concat,9,42.0,9.0
3,tanimoto,960,114,0.8938547486033519,0.10614525139664804,0.26875,0.73125,0.18421052631578946,0.8157894736842105,0.07692307692307693,0.9230769230769231,34,0,disabled poi e3 smiles,0.6065993309020996,0.6578947305679321,0.41791045665740967,0.6578947305679321,1.0758051872253418,0.30434781312942505,0.6666666865348816,0.7467997670173645,0.6680484414100647,0.6153846383094788,0.0,0.6153846383094788,0.6153846383094788,0.0,0.0,0.25,512,16,5.5053983213192194e-05,0.7902737513256155,concat,9,42.0,9.0
3,tanimoto,960,114,0.8938547486033519,0.10614525139664804,0.26875,0.73125,0.18421052631578946,0.8157894736842105,0.07692307692307693,0.9230769230769231,34,0,disabled poi e3 cell,0.6817944645881653,0.6578947305679321,0.290909081697464,0.6578947305679321,0.9488037824630737,0.23529411852359772,0.380952388048172,0.5468510389328003,0.682317852973938,0.5384615659713745,0.25,0.5384615659713745,0.7884615659713745,0.1428571492433548,1.0,0.8333333134651184,512,16,5.5053983213192194e-05,0.7902737513256155,concat,9,42.0,9.0
4,tanimoto,844,230,0.7858472998137802,0.21415270018621974,0.2725118483412322,0.7274881516587678,0.21304347826086956,0.7869565217391304,0.07692307692307693,0.9230769230769231,42,0,,0.3412794768810272,0.834782600402832,0.6545454263687134,0.834782600402832,1.4893280267715454,0.5901639461517334,0.7346938848495483,0.8951403498649597,0.713534951210022,0.8461538553237915,0.0,0.8461538553237915,0.8461538553237915,0.0,0.0,0.0,256,16,9.066051703773812e-05,0.5170350060873727,concat,15,42.0,9.0
4,tanimoto,844,230,0.7858472998137802,0.21415270018621974,0.2725118483412322,0.7274881516587678,0.21304347826086956,0.7869565217391304,0.07692307692307693,0.9230769230769231,42,0,disabled smiles,0.3990619480609894,0.804347813129425,0.5714285969734192,0.804347813129425,1.3757764101028442,0.5357142686843872,0.6122449040412903,0.8692073225975037,0.855929434299469,0.692307710647583,0.0,0.692307710647583,0.692307710647583,0.0,0.0,0.0,256,16,9.066051703773812e-05,0.5170350060873727,concat,15,42.0,9.0
4,tanimoto,844,230,0.7858472998137802,0.21415270018621974,0.2725118483412322,0.7274881516587678,0.21304347826086956,0.7869565217391304,0.07692307692307693,0.9230769230769231,42,0,disabled poi,0.496894896030426,0.747826099395752,0.5322580933570862,0.747826099395752,1.2800841331481934,0.4399999976158142,0.6734693646430969,0.794283390045166,0.5158916711807251,0.6153846383094788,0.0,0.6153846383094788,0.6153846383094788,0.0,0.0,0.6666666269302368,256,16,9.066051703773812e-05,0.5170350060873727,concat,15,42.0,9.0
4,tanimoto,844,230,0.7858472998137802,0.21415270018621974,0.2725118483412322,0.7274881516587678,0.21304347826086956,0.7869565217391304,0.07692307692307693,0.9230769230769231,42,0,disabled e3,0.3570963740348816,0.782608687877655,0.5370370149612427,0.782608687877655,1.319645643234253,0.49152541160583496,0.5918367505073547,0.8746194839477539,0.7498646378517151,0.8461538553237915,0.0,0.8461538553237915,0.8461538553237915,0.0,0.0,0.0,256,16,9.066051703773812e-05,0.5170350060873727,concat,15,42.0,9.0
4,tanimoto,844,230,0.7858472998137802,0.21415270018621974,0.2725118483412322,0.7274881516587678,0.21304347826086956,0.7869565217391304,0.07692307692307693,0.9230769230769231,42,0,disabled cell,0.45914819836616516,0.752173900604248,0.47706422209739685,0.752173900604248,1.2292381525039673,0.4333333373069763,0.5306122303009033,0.7826700210571289,0.7170901894569397,0.7692307829856873,0.0,0.7692307829856873,0.7692307829856873,0.0,0.0,0.08333331346511841,256,16,9.066051703773812e-05,0.5170350060873727,concat,15,42.0,9.0
4,tanimoto,844,230,0.7858472998137802,0.21415270018621974,0.2725118483412322,0.7274881516587678,0.21304347826086956,0.7869565217391304,0.07692307692307693,0.9230769230769231,42,0,disabled poi e3 smiles,0.5158573389053345,0.7782608866691589,0.5233644843101501,0.7782608866691589,1.301625370979309,0.48275861144065857,0.5714285969734192,0.7600631713867188,0.6303381323814392,0.692307710647583,0.0,0.692307710647583,0.692307710647583,0.0,0.0,0.1666666865348816,256,16,9.066051703773812e-05,0.5170350060873727,concat,15,42.0,9.0
4,tanimoto,844,230,0.7858472998137802,0.21415270018621974,0.2725118483412322,0.7274881516587678,0.21304347826086956,0.7869565217391304,0.07692307692307693,0.9230769230769231,42,0,disabled poi e3 cell,0.5849503874778748,0.6739130616188049,0.4000000059604645,0.6739130616188049,1.0739130973815918,0.32894736528396606,0.5102040767669678,0.685533881187439,0.6918891072273254,0.6153846383094788,0.2857142984867096,0.6153846383094788,0.9010989665985107,0.1666666716337204,1.0,0.8333333134651184,256,16,9.066051703773812e-05,0.5170350060873727,concat,15,42.0,9.0
