fold,group_type,train_len,val_len,train_perc,val_perc,train_active_perc,train_inactive_perc,val_active_perc,val_inactive_perc,test_active_perc,test_inactive_perc,num_leaking_uniprot,num_leaking_smiles,disabled_embeddings,val_loss,val_acc,val_f1_score,val_hp_metric,val_opt_score,val_precision,val_recall,val_roc_auc,test_loss,test_acc,test_f1_score,test_hp_metric,test_opt_score,test_precision,test_recall,test_roc_auc,hparam_hidden_dim,hparam_batch_size,hparam_learning_rate,hparam_max_epochs,hparam_join_embeddings,hparam_smote_k_neighbors,train_unique_groups,val_unique_groups
0,random,859,215,0.7998137802607076,0.20018621973929238,0.259604190919674,0.740395809080326,0.26046511627906976,0.7395348837209302,0.07692307692307693,0.9230769230769231,47,119,,0.3215236961841583,0.869767427444458,0.7543859481811523,0.869767427444458,1.6241533756256104,0.7413793206214905,0.7678571343421936,0.9350852966308594,0.6496391296386719,0.9230769276618958,0.0,0.9230769276618958,0.9230769276618958,0.0,0.0,0.08333331346511841,768,16,2.781093697926551e-05,50,sum,5,,
0,random,859,215,0.7998137802607076,0.20018621973929238,0.259604190919674,0.740395809080326,0.26046511627906976,0.7395348837209302,0.07692307692307693,0.9230769230769231,47,119,disabled poi,0.34312182664871216,0.8604651093482971,0.7457627058029175,0.8604651093482971,1.6062278747558594,0.7096773982048035,0.7857142686843872,0.9294699430465698,0.54774010181427,0.8461538553237915,0.0,0.8461538553237915,0.8461538553237915,0.0,0.0,0.25,768,16,2.781093697926551e-05,50,sum,5,,
0,random,859,215,0.7998137802607076,0.20018621973929238,0.259604190919674,0.740395809080326,0.26046511627906976,0.7395348837209302,0.07692307692307693,0.9230769230769231,47,119,disabled cell,0.3830401301383972,0.8558139801025391,0.7519999742507935,0.8558139801025391,1.6078139543533325,0.6811594367027283,0.8392857313156128,0.9279537200927734,0.7600851655006409,0.692307710647583,0.0,0.692307710647583,0.692307710647583,0.0,0.0,0.25,768,16,2.781093697926551e-05,50,sum,5,,
0,random,859,215,0.7998137802607076,0.20018621973929238,0.259604190919674,0.740395809080326,0.26046511627906976,0.7395348837209302,0.07692307692307693,0.9230769230769231,47,119,disabled smiles,0.40666237473487854,0.8139534592628479,0.6875,0.8139534592628479,1.5014533996582031,0.6111111044883728,0.7857142686843872,0.8716868758201599,0.7942937016487122,0.692307710647583,0.0,0.692307710647583,0.692307710647583,0.0,0.0,0.0,768,16,2.781093697926551e-05,50,sum,5,,
0,random,859,215,0.7998137802607076,0.20018621973929238,0.259604190919674,0.740395809080326,0.26046511627906976,0.7395348837209302,0.07692307692307693,0.9230769230769231,47,119,disabled e3 cell,0.3754737675189972,0.8604651093482971,0.7580645084381104,0.8604651093482971,1.6185295581817627,0.6911764740943909,0.8392857313156128,0.9270552396774292,0.7538632154464722,0.692307710647583,0.0,0.692307710647583,0.692307710647583,0.0,0.0,0.25,768,16,2.781093697926551e-05,50,sum,5,,
0,random,859,215,0.7998137802607076,0.20018621973929238,0.259604190919674,0.740395809080326,0.26046511627906976,0.7395348837209302,0.07692307692307693,0.9230769230769231,47,119,disabled poi e3 cell,0.3683232069015503,0.8651162981987,0.7387387156486511,0.8651162981987,1.603855013847351,0.7454545497894287,0.7321428656578064,0.9257075786590576,0.5480526685714722,0.9230769276618958,0.0,0.9230769276618958,0.9230769276618958,0.0,0.0,0.3333333134651184,768,16,2.781093697926551e-05,50,sum,5,,
1,random,859,215,0.7998137802607076,0.20018621973929238,0.259604190919674,0.740395809080326,0.26046511627906976,0.7395348837209302,0.07692307692307693,0.9230769230769231,47,102,,0.4407578110694885,0.7860465049743652,0.6461538672447205,0.7860465049743652,1.4322004318237305,0.5675675868988037,0.75,0.8833109140396118,0.5970959067344666,0.7692307829856873,0.0,0.7692307829856873,0.7692307829856873,0.0,0.0,0.08333331346511841,512,16,1.6177935575466194e-05,20,sum,9,,
1,random,859,215,0.7998137802607076,0.20018621973929238,0.259604190919674,0.740395809080326,0.26046511627906976,0.7395348837209302,0.07692307692307693,0.9230769230769231,47,102,disabled poi,0.6153343915939331,0.800000011920929,0.582524299621582,0.800000011920929,1.3825242519378662,0.6382978558540344,0.5357142686843872,0.8697776794433594,0.6256650686264038,0.9230769276618958,0.0,0.9230769276618958,0.9230769276618958,0.0,0.0,0.08333331346511841,512,16,1.6177935575466194e-05,20,sum,9,,
1,random,859,215,0.7998137802607076,0.20018621973929238,0.259604190919674,0.740395809080326,0.26046511627906976,0.7395348837209302,0.07692307692307693,0.9230769230769231,47,102,disabled cell,0.6096048951148987,0.7906976938247681,0.6153846383094788,0.7906976938247681,1.4060823917388916,0.5901639461517334,0.6428571343421936,0.8590520620346069,0.8205982446670532,0.8461538553237915,0.0,0.8461538553237915,0.8461538553237915,0.0,0.0,0.08333331346511841,512,16,1.6177935575466194e-05,20,sum,9,,
1,random,859,215,0.7998137802607076,0.20018621973929238,0.259604190919674,0.740395809080326,0.26046511627906976,0.7395348837209302,0.07692307692307693,0.9230769230769231,47,102,disabled smiles,0.5204208493232727,0.7302325367927551,0.5857142806053162,0.7302325367927551,1.3159468173980713,0.488095223903656,0.7321428656578064,0.814633846282959,0.8534724116325378,0.692307710647583,0.0,0.692307710647583,0.692307710647583,0.0,0.0,0.0,512,16,1.6177935575466194e-05,20,sum,9,,
1,random,859,215,0.7998137802607076,0.20018621973929238,0.259604190919674,0.740395809080326,0.26046511627906976,0.7395348837209302,0.07692307692307693,0.9230769230769231,47,102,disabled e3 cell,0.6006250381469727,0.7906976938247681,0.6341463327407837,0.7906976938247681,1.4248440265655518,0.5820895433425903,0.6964285969734192,0.8601751923561096,0.8066063523292542,0.8461538553237915,0.0,0.8461538553237915,0.8461538553237915,0.0,0.0,0.08333331346511841,512,16,1.6177935575466194e-05,20,sum,9,,
1,random,859,215,0.7998137802607076,0.20018621973929238,0.259604190919674,0.740395809080326,0.26046511627906976,0.7395348837209302,0.07692307692307693,0.9230769230769231,47,102,disabled poi e3 cell,0.5854597091674805,0.8093023300170898,0.6771653294563293,0.8093023300170898,1.4864675998687744,0.6056337952613831,0.7678571343421936,0.8665206432342529,0.8228020071983337,0.692307710647583,0.0,0.692307710647583,0.692307710647583,0.0,0.0,0.08333331346511841,512,16,1.6177935575466194e-05,20,sum,9,,
2,random,859,215,0.7998137802607076,0.20018621973929238,0.259604190919674,0.740395809080326,0.26046511627906976,0.7395348837209302,0.07692307692307693,0.9230769230769231,50,93,,0.4388067126274109,0.7860465049743652,0.6229507923126221,0.7860465049743652,1.4089972972869873,0.5757575631141663,0.6785714030265808,0.8522012233734131,0.551670491695404,0.7692307829856873,0.0,0.7692307829856873,0.7692307829856873,0.0,0.0,0.1666666865348816,256,8,1.7158490206515714e-05,10,sum,11,,
2,random,859,215,0.7998137802607076,0.20018621973929238,0.259604190919674,0.740395809080326,0.26046511627906976,0.7395348837209302,0.07692307692307693,0.9230769230769231,50,93,disabled poi,0.56281578540802,0.8465116024017334,0.6666666865348816,0.8465116024017334,1.5131783485412598,0.7674418687820435,0.5892857313156128,0.8510220050811768,0.410960853099823,0.9230769276618958,0.0,0.9230769276618958,0.9230769276618958,0.0,0.0,0.5,256,8,1.7158490206515714e-05,10,sum,11,,
2,random,859,215,0.7998137802607076,0.20018621973929238,0.259604190919674,0.740395809080326,0.26046511627906976,0.7395348837209302,0.07692307692307693,0.9230769230769231,50,93,disabled cell,0.5622830390930176,0.8139534592628479,0.6296296119689941,0.8139534592628479,1.4435830116271973,0.6538461446762085,0.6071428656578064,0.8590520620346069,0.7029720544815063,0.7692307829856873,0.0,0.7692307829856873,0.7692307829856873,0.0,0.0,0.1666666865348816,256,8,1.7158490206515714e-05,10,sum,11,,
2,random,859,215,0.7998137802607076,0.20018621973929238,0.259604190919674,0.740395809080326,0.26046511627906976,0.7395348837209302,0.07692307692307693,0.9230769230769231,50,93,disabled smiles,0.5718172192573547,0.734883725643158,0.5128205418586731,0.734883725643158,1.247704267501831,0.49180328845977783,0.5357142686843872,0.77060866355896,0.8363494873046875,0.7692307829856873,0.0,0.7692307829856873,0.7692307829856873,0.0,0.0,0.0,256,8,1.7158490206515714e-05,10,sum,11,,
2,random,859,215,0.7998137802607076,0.20018621973929238,0.259604190919674,0.740395809080326,0.26046511627906976,0.7395348837209302,0.07692307692307693,0.9230769230769231,50,93,disabled e3 cell,0.5242400765419006,0.8465116024017334,0.6666666865348816,0.8465116024017334,1.5131783485412598,0.7674418687820435,0.5892857313156128,0.8693845272064209,0.8385428786277771,0.692307710647583,0.0,0.692307710647583,0.692307710647583,0.0,0.0,0.08333331346511841,256,8,1.7158490206515714e-05,10,sum,11,,
2,random,859,215,0.7998137802607076,0.20018621973929238,0.259604190919674,0.740395809080326,0.26046511627906976,0.7395348837209302,0.07692307692307693,0.9230769230769231,50,93,disabled poi e3 cell,0.5866519808769226,0.8139534592628479,0.6078431606292725,0.8139534592628479,1.4217965602874756,0.6739130616188049,0.5535714030265808,0.8359726071357727,0.5615621209144592,0.8461538553237915,0.0,0.8461538553237915,0.8461538553237915,0.0,0.0,0.3333333134651184,256,8,1.7158490206515714e-05,10,sum,11,,
3,random,859,215,0.7998137802607076,0.20018621973929238,0.259604190919674,0.740395809080326,0.26046511627906976,0.7395348837209302,0.07692307692307693,0.9230769230769231,48,102,,0.41679617762565613,0.7906976938247681,0.6153846383094788,0.7906976938247681,1.4060823917388916,0.5901639461517334,0.6428571343421936,0.8757861852645874,0.5150686502456665,0.7692307829856873,0.0,0.7692307829856873,0.7692307829856873,0.0,0.0,0.1666666865348816,256,8,1.5482898046444993e-05,50,sum,13,,
3,random,859,215,0.7998137802607076,0.20018621973929238,0.259604190919674,0.740395809080326,0.26046511627906976,0.7395348837209302,0.07692307692307693,0.9230769230769231,48,102,disabled poi,0.5474916100502014,0.8139534592628479,0.6551724076271057,0.8139534592628479,1.4691258668899536,0.6333333253860474,0.6785714030265808,0.8779761791229248,0.6814877986907959,0.9230769276618958,0.0,0.9230769276618958,0.9230769276618958,0.0,0.0,0.1666666865348816,256,8,1.5482898046444993e-05,50,sum,13,,
3,random,859,215,0.7998137802607076,0.20018621973929238,0.259604190919674,0.740395809080326,0.26046511627906976,0.7395348837209302,0.07692307692307693,0.9230769230769231,48,102,disabled cell,0.5516588687896729,0.804651141166687,0.6315789222717285,0.804651141166687,1.4362300634384155,0.6206896305084229,0.6428571343421936,0.8759546279907227,0.6311317086219788,0.9230769276618958,0.0,0.9230769276618958,0.9230769276618958,0.0,0.0,0.08333331346511841,256,8,1.5482898046444993e-05,50,sum,13,,
3,random,859,215,0.7998137802607076,0.20018621973929238,0.259604190919674,0.740395809080326,0.26046511627906976,0.7395348837209302,0.07692307692307693,0.9230769230769231,48,102,disabled smiles,0.49910083413124084,0.7674418687820435,0.6478873491287231,0.7674418687820435,1.4153292179107666,0.5348837375640869,0.8214285969734192,0.8485512137413025,0.9047145843505859,0.692307710647583,0.0,0.692307710647583,0.692307710647583,0.0,0.0,0.0,256,8,1.5482898046444993e-05,50,sum,13,,
3,random,859,215,0.7998137802607076,0.20018621973929238,0.259604190919674,0.740395809080326,0.26046511627906976,0.7395348837209302,0.07692307692307693,0.9230769230769231,48,102,disabled e3 cell,0.5144546031951904,0.8093023300170898,0.6371681690216064,0.8093023300170898,1.4464704990386963,0.6315789222717285,0.6428571343421936,0.8820192813873291,0.832341730594635,0.8461538553237915,0.0,0.8461538553237915,0.8461538553237915,0.0,0.0,0.08333331346511841,256,8,1.5482898046444993e-05,50,sum,13,,
3,random,859,215,0.7998137802607076,0.20018621973929238,0.259604190919674,0.740395809080326,0.26046511627906976,0.7395348837209302,0.07692307692307693,0.9230769230769231,48,102,disabled poi e3 cell,0.5560487508773804,0.800000011920929,0.6386554837226868,0.800000011920929,1.4386554956436157,0.60317462682724,0.6785714030265808,0.8801661729812622,0.7163054943084717,0.7692307829856873,0.0,0.7692307829856873,0.7692307829856873,0.0,0.0,0.25,256,8,1.5482898046444993e-05,50,sum,13,,
4,random,860,214,0.8007448789571695,0.19925512104283055,0.26046511627906976,0.7395348837209302,0.2570093457943925,0.7429906542056075,0.07692307692307693,0.9230769230769231,43,108,,0.35483697056770325,0.8457943797111511,0.6972476840019226,0.8457943797111511,1.5430420637130737,0.7037037014961243,0.6909090876579285,0.9104059934616089,0.5907447338104248,0.9230769276618958,0.0,0.9230769276618958,0.9230769276618958,0.0,0.0,0.08333331346511841,512,32,3.4552077968195374e-05,10,concat,3,,
4,random,860,214,0.8007448789571695,0.19925512104283055,0.26046511627906976,0.7395348837209302,0.2570093457943925,0.7429906542056075,0.07692307692307693,0.9230769230769231,43,108,disabled poi,0.5032557249069214,0.8177570104598999,0.7022900581359863,0.8177570104598999,1.5200470685958862,0.6052631735801697,0.8363636136054993,0.9181245565414429,0.546604573726654,0.8461538553237915,0.0,0.8461538553237915,0.8461538553237915,0.0,0.0,0.1666666865348816,512,32,3.4552077968195374e-05,10,concat,3,,
4,random,860,214,0.8007448789571695,0.19925512104283055,0.26046511627906976,0.7395348837209302,0.2570093457943925,0.7429906542056075,0.07692307692307693,0.9230769230769231,43,108,disabled cell,0.4198215901851654,0.84112149477005,0.7017543911933899,0.84112149477005,1.54287588596344,0.6779661178588867,0.7272727489471436,0.9177243709564209,0.6960287690162659,0.9230769276618958,0.0,0.9230769276618958,0.9230769276618958,0.0,0.0,0.08333331346511841,512,32,3.4552077968195374e-05,10,concat,3,,
4,random,860,214,0.8007448789571695,0.19925512104283055,0.26046511627906976,0.7395348837209302,0.2570093457943925,0.7429906542056075,0.07692307692307693,0.9230769230769231,43,108,disabled smiles,0.48938748240470886,0.7196261882781982,0.625,0.7196261882781982,1.3446261882781982,0.4761904776096344,0.9090909361839294,0.8762721419334412,1.0626423358917236,0.692307710647583,0.0,0.692307710647583,0.692307710647583,0.0,0.0,0.0,512,32,3.4552077968195374e-05,10,concat,3,,
4,random,860,214,0.8007448789571695,0.19925512104283055,0.26046511627906976,0.7395348837209302,0.2570093457943925,0.7429906542056075,0.07692307692307693,0.9230769230769231,43,108,disabled e3 cell,0.3929388225078583,0.822429895401001,0.6607142686843872,0.822429895401001,1.4831441640853882,0.6491228342056274,0.6727272868156433,0.9187535643577576,0.8007612824440002,0.9230769276618958,0.0,0.9230769276618958,0.9230769276618958,0.0,0.0,0.08333331346511841,512,32,3.4552077968195374e-05,10,concat,3,,
4,random,860,214,0.8007448789571695,0.19925512104283055,0.26046511627906976,0.7395348837209302,0.2570093457943925,0.7429906542056075,0.07692307692307693,0.9230769230769231,43,108,disabled poi e3 cell,0.4956589341163635,0.84112149477005,0.725806474685669,0.84112149477005,1.5669279098510742,0.6521739363670349,0.8181818127632141,0.903030276298523,0.8746379017829895,0.692307710647583,0.0,0.692307710647583,0.692307710647583,0.0,0.0,0.08333331346511841,512,32,3.4552077968195374e-05,10,concat,3,,
0,uniprot,893,181,0.8314711359404097,0.1685288640595903,0.28331466965285557,0.7166853303471444,0.143646408839779,0.856353591160221,0.07692307692307693,0.9230769230769231,0,20,,0.47579964995384216,0.7679557800292969,0.27586206793785095,0.7679557800292969,1.0438178777694702,0.25,0.3076923191547394,0.6622828841209412,0.5771664381027222,0.8461538553237915,0.0,0.8461538553237915,0.8461538553237915,0.0,0.0,0.08333331346511841,256,8,1.6639450307074626e-05,10,sum,9,55.0,10.0
0,uniprot,893,181,0.8314711359404097,0.1685288640595903,0.28331466965285557,0.7166853303471444,0.143646408839779,0.856353591160221,0.07692307692307693,0.9230769230769231,0,20,disabled poi,0.9085192680358887,0.6740331649780273,0.28915661573410034,0.6740331649780273,0.9631897807121277,0.21052631735801697,0.4615384638309479,0.6558312773704529,0.8443636298179626,0.5384615659713745,0.0,0.5384615659713745,0.5384615659713745,0.0,0.0,0.25,256,8,1.6639450307074626e-05,10,sum,9,55.0,10.0
0,uniprot,893,181,0.8314711359404097,0.1685288640595903,0.28331466965285557,0.7166853303471444,0.143646408839779,0.856353591160221,0.07692307692307693,0.9230769230769231,0,20,disabled cell,0.6080957651138306,0.8066298365592957,0.3137255012989044,0.8066298365592957,1.1203553676605225,0.3199999928474426,0.3076923191547394,0.6910669803619385,0.8531198501586914,0.8461538553237915,0.0,0.8461538553237915,0.8461538553237915,0.0,0.0,0.08333331346511841,256,8,1.6639450307074626e-05,10,sum,9,55.0,10.0
0,uniprot,893,181,0.8314711359404097,0.1685288640595903,0.28331466965285557,0.7166853303471444,0.143646408839779,0.856353591160221,0.07692307692307693,0.9230769230769231,0,20,disabled smiles,0.4529878795146942,0.8453038930892944,0.06666667014360428,0.8453038930892944,0.9119705557823181,0.25,0.03846153989434242,0.6786600947380066,1.009590983390808,0.6153846383094788,0.0,0.6153846383094788,0.6153846383094788,0.0,0.0,0.0,256,8,1.6639450307074626e-05,10,sum,9,55.0,10.0
0,uniprot,893,181,0.8314711359404097,0.1685288640595903,0.28331466965285557,0.7166853303471444,0.143646408839779,0.856353591160221,0.07692307692307693,0.9230769230769231,0,20,disabled e3 cell,0.6395640969276428,0.7790055274963379,0.25925925374031067,0.7790055274963379,1.0382647514343262,0.25,0.26923078298568726,0.622084379196167,0.9077745676040649,0.7692307829856873,0.0,0.7692307829856873,0.7692307829856873,0.0,0.0,0.1666666865348816,256,8,1.6639450307074626e-05,10,sum,9,55.0,10.0
0,uniprot,893,181,0.8314711359404097,0.1685288640595903,0.28331466965285557,0.7166853303471444,0.143646408839779,0.856353591160221,0.07692307692307693,0.9230769230769231,0,20,disabled poi e3 cell,0.5683144330978394,0.8232043981552124,0.27272728085517883,0.8232043981552124,1.0959316492080688,0.3333333432674408,0.23076923191547394,0.6779155731201172,0.653068482875824,0.8461538553237915,0.0,0.8461538553237915,0.8461538553237915,0.0,0.0,0.25,256,8,1.6639450307074626e-05,10,sum,9,55.0,10.0
1,uniprot,876,198,0.8156424581005587,0.18435754189944134,0.2522831050228311,0.747716894977169,0.29292929292929293,0.7070707070707071,0.07692307692307693,0.9230769230769231,0,14,,0.7123596668243408,0.5909090638160706,0.22857142984867096,0.5909090638160706,0.8194804787635803,0.25531914830207825,0.2068965584039688,0.5226600766181946,0.5302007794380188,0.8461538553237915,0.0,0.8461538553237915,0.8461538553237915,0.0,0.0,0.08333331346511841,256,32,2.2606260884759498e-05,20,sum,15,56.0,9.0
1,uniprot,876,198,0.8156424581005587,0.18435754189944134,0.2522831050228311,0.747716894977169,0.29292929292929293,0.7070707070707071,0.07692307692307693,0.9230769230769231,0,14,disabled poi,1.2865607738494873,0.631313145160675,0.291262149810791,0.631313145160675,0.9225752949714661,0.3333333432674408,0.2586206793785095,0.5033251047134399,0.6069334745407104,0.9230769276618958,0.0,0.9230769276618958,0.9230769276618958,0.0,0.0,0.08333331346511841,256,32,2.2606260884759498e-05,20,sum,15,56.0,9.0
1,uniprot,876,198,0.8156424581005587,0.18435754189944134,0.2522831050228311,0.747716894977169,0.29292929292929293,0.7070707070707071,0.07692307692307693,0.9230769230769231,0,14,disabled cell,1.2270426750183105,0.5858585834503174,0.24074074625968933,0.5858585834503174,0.8265993595123291,0.25999999046325684,0.22413793206214905,0.5054187774658203,0.7290331125259399,0.9230769276618958,0.0,0.9230769276618958,0.9230769276618958,0.0,0.0,0.08333331346511841,256,32,2.2606260884759498e-05,20,sum,15,56.0,9.0
1,uniprot,876,198,0.8156424581005587,0.18435754189944134,0.2522831050228311,0.747716894977169,0.29292929292929293,0.7070707070707071,0.07692307692307693,0.9230769230769231,0,14,disabled smiles,1.16005277633667,0.5151515007019043,0.49473685026168823,0.5151515007019043,1.0098884105682373,0.35606059432029724,0.8103448152542114,0.689100980758667,0.8078880310058594,0.692307710647583,0.0,0.692307710647583,0.692307710647583,0.0,0.0,0.08333331346511841,256,32,2.2606260884759498e-05,20,sum,15,56.0,9.0
1,uniprot,876,198,0.8156424581005587,0.18435754189944134,0.2522831050228311,0.747716894977169,0.29292929292929293,0.7070707070707071,0.07692307692307693,0.9230769230769231,0,14,disabled e3 cell,1.066915512084961,0.6212121248245239,0.3243243098258972,0.6212121248245239,0.9455364346504211,0.3396226465702057,0.3103448152542114,0.5850985050201416,0.8120582103729248,0.7692307829856873,0.0,0.7692307829856873,0.7692307829856873,0.0,0.0,0.08333331346511841,256,32,2.2606260884759498e-05,20,sum,15,56.0,9.0
1,uniprot,876,198,0.8156424581005587,0.18435754189944134,0.2522831050228311,0.747716894977169,0.29292929292929293,0.7070707070707071,0.07692307692307693,0.9230769230769231,0,14,disabled poi e3 cell,1.1476876735687256,0.5707070827484131,0.24778760969638824,0.5707070827484131,0.8184946775436401,0.2545454502105713,0.24137930572032928,0.504802942276001,0.4227628707885742,0.8461538553237915,0.0,0.8461538553237915,0.8461538553237915,0.0,0.0,0.4166666865348816,256,32,2.2606260884759498e-05,20,sum,15,56.0,9.0
2,uniprot,1015,59,0.9450651769087524,0.05493482309124767,0.24433497536945814,0.7556650246305419,0.5254237288135594,0.4745762711864407,0.07692307692307693,0.9230769230769231,0,11,,0.6865949034690857,0.5762711763381958,0.4444444477558136,0.5762711763381958,1.020715594291687,0.7142857313156128,0.32258063554763794,0.6152073740959167,0.6092116832733154,0.9230769276618958,0.0,0.9230769276618958,0.9230769276618958,0.0,0.0,0.0,256,32,1.0340818456119602e-05,50,sum,6,56.0,9.0
2,uniprot,1015,59,0.9450651769087524,0.05493482309124767,0.24433497536945814,0.7556650246305419,0.5254237288135594,0.4745762711864407,0.07692307692307693,0.9230769230769231,0,11,disabled poi,2.446431875228882,0.5593220591545105,0.2777777910232544,0.5593220591545105,0.8370998501777649,1.0,0.16129031777381897,0.6543779373168945,0.6524797081947327,0.9230769276618958,0.0,0.9230769276618958,0.9230769276618958,0.0,0.0,0.1666666865348816,256,32,1.0340818456119602e-05,50,sum,6,56.0,9.0
2,uniprot,1015,59,0.9450651769087524,0.05493482309124767,0.24433497536945814,0.7556650246305419,0.5254237288135594,0.4745762711864407,0.07692307692307693,0.9230769230769231,0,11,disabled cell,2.640493154525757,0.5593220591545105,0.2777777910232544,0.5593220591545105,0.8370998501777649,1.0,0.16129031777381897,0.639976978302002,0.8857917785644531,0.8461538553237915,0.0,0.8461538553237915,0.8461538553237915,0.0,0.0,0.08333331346511841,256,32,1.0340818456119602e-05,50,sum,6,56.0,9.0
2,uniprot,1015,59,0.9450651769087524,0.05493482309124767,0.24433497536945814,0.7556650246305419,0.5254237288135594,0.4745762711864407,0.07692307692307693,0.9230769230769231,0,11,disabled smiles,1.241017460823059,0.5254237055778503,0.2222222238779068,0.5254237055778503,0.747645914554596,0.800000011920929,0.12903225421905518,0.5138248801231384,0.8566514253616333,0.7692307829856873,0.0,0.7692307829856873,0.7692307829856873,0.0,0.0,0.0,256,32,1.0340818456119602e-05,50,sum,6,56.0,9.0
2,uniprot,1015,59,0.9450651769087524,0.05493482309124767,0.24433497536945814,0.7556650246305419,0.5254237288135594,0.4745762711864407,0.07692307692307693,0.9230769230769231,0,11,disabled e3 cell,2.004100799560547,0.5762711763381958,0.3243243098258972,0.5762711763381958,0.900595486164093,1.0,0.19354838132858276,0.6399769186973572,0.8348893523216248,0.8461538553237915,0.0,0.8461538553237915,0.8461538553237915,0.0,0.0,0.08333331346511841,256,32,1.0340818456119602e-05,50,sum,6,56.0,9.0
2,uniprot,1015,59,0.9450651769087524,0.05493482309124767,0.24433497536945814,0.7556650246305419,0.5254237288135594,0.4745762711864407,0.07692307692307693,0.9230769230769231,0,11,disabled poi e3 cell,2.017916679382324,0.5593220591545105,0.2777777910232544,0.5593220591545105,0.8370998501777649,1.0,0.16129031777381897,0.6699308156967163,0.6972747445106506,0.8461538553237915,0.0,0.8461538553237915,0.8461538553237915,0.0,0.0,0.1666666865348816,256,32,1.0340818456119602e-05,50,sum,6,56.0,9.0
3,uniprot,733,341,0.6824953445065177,0.31750465549348234,0.24829467939972716,0.7517053206002728,0.2844574780058651,0.7155425219941349,0.07692307692307693,0.9230769230769231,0,50,,0.5642170310020447,0.7243402004241943,0.17543859779834747,0.7243402004241943,0.8997787833213806,0.5882353186607361,0.10309278219938278,0.6492310762405396,0.4829959273338318,0.8461538553237915,0.0,0.8461538553237915,0.8461538553237915,0.0,0.0,0.08333331346511841,256,32,1.9976077762120903e-05,10,sum,9,51.0,14.0
3,uniprot,733,341,0.6824953445065177,0.31750465549348234,0.24829467939972716,0.7517053206002728,0.2844574780058651,0.7155425219941349,0.07692307692307693,0.9230769230769231,0,50,disabled poi,1.3754981756210327,0.6950146555900574,0.2777777910232544,0.6950146555900574,0.9727924466133118,0.42553192377090454,0.20618556439876556,0.6226972937583923,0.6908454298973083,0.8461538553237915,0.0,0.8461538553237915,0.8461538553237915,0.0,0.0,0.08333331346511841,256,32,1.9976077762120903e-05,10,sum,9,51.0,14.0
3,uniprot,733,341,0.6824953445065177,0.31750465549348234,0.24829467939972716,0.7517053206002728,0.2844574780058651,0.7155425219941349,0.07692307692307693,0.9230769230769231,0,50,disabled cell,1.3581739664077759,0.6656891703605652,0.26923078298568726,0.6656891703605652,0.9349199533462524,0.35593220591545105,0.2164948433637619,0.5777209401130676,0.6495101451873779,0.8461538553237915,0.0,0.8461538553237915,0.8461538553237915,0.0,0.0,0.08333331346511841,256,32,1.9976077762120903e-05,10,sum,9,51.0,14.0
3,uniprot,733,341,0.6824953445065177,0.31750465549348234,0.24829467939972716,0.7517053206002728,0.2844574780058651,0.7155425219941349,0.07692307692307693,0.9230769230769231,0,50,disabled smiles,0.7100331783294678,0.6187683343887329,0.38679245114326477,0.6187683343887329,1.0055607557296753,0.35652172565460205,0.42268040776252747,0.6899188756942749,0.7777208089828491,0.7692307829856873,0.0,0.7692307829856873,0.7692307829856873,0.0,0.0,0.0,256,32,1.9976077762120903e-05,10,sum,9,51.0,14.0
3,uniprot,733,341,0.6824953445065177,0.31750465549348234,0.24829467939972716,0.7517053206002728,0.2844574780058651,0.7155425219941349,0.07692307692307693,0.9230769230769231,0,50,disabled e3 cell,1.1673898696899414,0.6539589166641235,0.2804878056049347,0.6539589166641235,0.9344466924667358,0.34328359365463257,0.23711340129375458,0.5983394980430603,0.6282546520233154,0.8461538553237915,0.0,0.8461538553237915,0.8461538553237915,0.0,0.0,0.25,256,32,1.9976077762120903e-05,10,sum,9,51.0,14.0
3,uniprot,733,341,0.6824953445065177,0.31750465549348234,0.24829467939972716,0.7517053206002728,0.2844574780058651,0.7155425219941349,0.07692307692307693,0.9230769230769231,0,50,disabled poi e3 cell,1.2260332107543945,0.6539589166641235,0.28915661573410034,0.6539589166641235,0.9431155323982239,0.3478260934352875,0.24742268025875092,0.6027758717536926,0.6553150415420532,0.7692307829856873,0.0,0.7692307829856873,0.7692307829856873,0.0,0.0,0.4166666865348816,256,32,1.9976077762120903e-05,10,sum,9,51.0,14.0
4,uniprot,779,295,0.7253258845437617,0.2746741154562384,0.27214377406931967,0.7278562259306803,0.2271186440677966,0.7728813559322034,0.07692307692307693,0.9230769230769231,0,62,,0.6580609679222107,0.6677966117858887,0.40963855385780334,0.6677966117858887,1.0774351358413696,0.34343433380126953,0.5074626803398132,0.6698415279388428,0.5049968957901001,0.8461538553237915,0.0,0.8461538553237915,0.8461538553237915,0.0,0.0,0.1666666865348816,512,32,2.412512495496852e-05,50,concat,10,42.0,23.0
4,uniprot,779,295,0.7253258845437617,0.2746741154562384,0.27214377406931967,0.7278562259306803,0.2271186440677966,0.7728813559322034,0.07692307692307693,0.9230769230769231,0,62,disabled poi,0.8095499277114868,0.7254237532615662,0.41726619005203247,0.7254237532615662,1.1426899433135986,0.4027777910232544,0.43283581733703613,0.6811665296554565,0.4195422828197479,0.9230769276618958,0.0,0.9230769276618958,0.9230769276618958,0.0,0.0,0.3333333134651184,512,32,2.412512495496852e-05,50,concat,10,42.0,23.0
4,uniprot,779,295,0.7253258845437617,0.2746741154562384,0.27214377406931967,0.7278562259306803,0.2271186440677966,0.7728813559322034,0.07692307692307693,0.9230769230769231,0,62,disabled cell,1.0519499778747559,0.6033898591995239,0.4292683005332947,0.6033898591995239,1.0326581001281738,0.3188405930995941,0.6567164063453674,0.6484682559967041,0.7771484851837158,0.692307710647583,0.0,0.692307710647583,0.692307710647583,0.0,0.0,0.1666666865348816,512,32,2.412512495496852e-05,50,concat,10,42.0,23.0
4,uniprot,779,295,0.7253258845437617,0.2746741154562384,0.27214377406931967,0.7278562259306803,0.2271186440677966,0.7728813559322034,0.07692307692307693,0.9230769230769231,0,62,disabled smiles,0.6414768099784851,0.7050847411155701,0.5297297239303589,0.7050847411155701,1.2348144054412842,0.41525423526763916,0.7313432693481445,0.7439119815826416,0.7448120713233948,0.7692307829856873,0.0,0.7692307829856873,0.7692307829856873,0.0,0.0,0.08333331346511841,512,32,2.412512495496852e-05,50,concat,10,42.0,23.0
4,uniprot,779,295,0.7253258845437617,0.2746741154562384,0.27214377406931967,0.7278562259306803,0.2271186440677966,0.7728813559322034,0.07692307692307693,0.9230769230769231,0,62,disabled e3 cell,0.8528874516487122,0.698305070400238,0.3776223659515381,0.698305070400238,1.075927495956421,0.3552631437778473,0.4029850661754608,0.6526577472686768,0.6218200325965881,0.9230769276618958,0.0,0.9230769276618958,0.9230769276618958,0.0,0.0,0.1666666865348816,512,32,2.412512495496852e-05,50,concat,10,42.0,23.0
4,uniprot,779,295,0.7253258845437617,0.2746741154562384,0.27214377406931967,0.7278562259306803,0.2271186440677966,0.7728813559322034,0.07692307692307693,0.9230769230769231,0,62,disabled poi e3 cell,0.815190851688385,0.7084745764732361,0.44871795177459717,0.7084745764732361,1.1571924686431885,0.3932584226131439,0.5223880410194397,0.6760277152061462,0.49692216515541077,0.9230769276618958,0.0,0.9230769276618958,0.9230769276618958,0.0,0.0,0.1666666865348816,512,32,2.412512495496852e-05,50,concat,10,42.0,23.0
0,tanimoto,1037,37,0.9655493482309124,0.03445065176908752,0.26422372227579555,0.7357762777242044,0.13513513513513514,0.8648648648648649,0.07692307692307693,0.9230769230769231,15,0,,0.4539102017879486,0.8648648858070374,0.5454545617103577,0.8648648858070374,1.410319447517395,0.5,0.6000000238418579,0.6343750357627869,0.6441014409065247,0.7692307829856873,0.0,0.7692307829856873,0.7692307829856873,0.0,0.0,0.08333331346511841,512,8,1.1028121947524758e-05,50,sum,3,29.0,3.0
0,tanimoto,1037,37,0.9655493482309124,0.03445065176908752,0.26422372227579555,0.7357762777242044,0.13513513513513514,0.8648648648648649,0.07692307692307693,0.9230769230769231,15,0,disabled poi,0.6329229474067688,0.8648648858070374,0.2857142984867096,0.8648648858070374,1.1505792140960693,0.5,0.20000000298023224,0.5687500238418579,0.5855710506439209,0.9230769276618958,0.0,0.9230769276618958,0.9230769276618958,0.0,0.0,0.1666666865348816,512,8,1.1028121947524758e-05,50,sum,3,29.0,3.0
0,tanimoto,1037,37,0.9655493482309124,0.03445065176908752,0.26422372227579555,0.7357762777242044,0.13513513513513514,0.8648648648648649,0.07692307692307693,0.9230769230769231,15,0,disabled cell,0.48903945088386536,0.9189189076423645,0.6666666865348816,0.9189189076423645,1.585585594177246,0.75,0.6000000238418579,0.6062500476837158,0.760690450668335,0.9230769276618958,0.0,0.9230769276618958,0.9230769276618958,0.0,0.0,0.08333331346511841,512,8,1.1028121947524758e-05,50,sum,3,29.0,3.0
0,tanimoto,1037,37,0.9655493482309124,0.03445065176908752,0.26422372227579555,0.7357762777242044,0.13513513513513514,0.8648648648648649,0.07692307692307693,0.9230769230769231,15,0,disabled smiles,0.46665284037590027,0.7567567825317383,0.4000000059604645,0.7567567825317383,1.1567567586898804,0.30000001192092896,0.6000000238418579,0.7718750238418579,0.9197722673416138,0.692307710647583,0.0,0.692307710647583,0.692307710647583,0.0,0.0,0.0,512,8,1.1028121947524758e-05,50,sum,3,29.0,3.0
0,tanimoto,1037,37,0.9655493482309124,0.03445065176908752,0.26422372227579555,0.7357762777242044,0.13513513513513514,0.8648648648648649,0.07692307692307693,0.9230769230769231,15,0,disabled e3 cell,0.47560396790504456,0.9189189076423645,0.6666666865348816,0.9189189076423645,1.585585594177246,0.75,0.6000000238418579,0.6031250357627869,0.8391562104225159,0.8461538553237915,0.0,0.8461538553237915,0.8461538553237915,0.0,0.0,0.08333331346511841,512,8,1.1028121947524758e-05,50,sum,3,29.0,3.0
0,tanimoto,1037,37,0.9655493482309124,0.03445065176908752,0.26422372227579555,0.7357762777242044,0.13513513513513514,0.8648648648648649,0.07692307692307693,0.9230769230769231,15,0,disabled poi e3 cell,0.5829306244850159,0.8648648858070374,0.5454545617103577,0.8648648858070374,1.410319447517395,0.5,0.6000000238418579,0.6062500476837158,0.8300686478614807,0.7692307829856873,0.0,0.7692307829856873,0.7692307829856873,0.0,0.0,0.1666666865348816,512,8,1.1028121947524758e-05,50,sum,3,29.0,3.0
1,tanimoto,886,188,0.8249534450651769,0.1750465549348231,0.2528216704288939,0.7471783295711061,0.2925531914893617,0.7074468085106383,0.07692307692307693,0.9230769230769231,34,0,,0.5787479281425476,0.7127659320831299,0.3863636255264282,0.7127659320831299,1.099129557609558,0.5151515007019043,0.30909091234207153,0.771701991558075,0.516496479511261,0.9230769276618958,0.0,0.9230769276618958,0.9230769276618958,0.0,0.0,0.08333331346511841,768,32,1.2879830450322809e-05,50,sum,10,29.0,3.0
1,tanimoto,886,188,0.8249534450651769,0.1750465549348231,0.2528216704288939,0.7471783295711061,0.2925531914893617,0.7074468085106383,0.07692307692307693,0.9230769230769231,34,0,disabled poi,0.8459327220916748,0.75,0.49462366104125977,0.75,1.2446236610412598,0.6052631735801697,0.41818180680274963,0.7802460193634033,0.40606483817100525,0.9230769276618958,0.0,0.9230769276618958,0.9230769276618958,0.0,0.0,0.3333333134651184,768,32,1.2879830450322809e-05,50,sum,10,29.0,3.0
1,tanimoto,886,188,0.8249534450651769,0.1750465549348231,0.2528216704288939,0.7471783295711061,0.2925531914893617,0.7074468085106383,0.07692307692307693,0.9230769230769231,34,0,disabled cell,0.8322314620018005,0.728723406791687,0.49504950642585754,0.728723406791687,1.2237728834152222,0.54347825050354,0.4545454680919647,0.778127133846283,0.5512571930885315,0.9230769276618958,0.0,0.9230769276618958,0.9230769276618958,0.0,0.0,0.1666666865348816,768,32,1.2879830450322809e-05,50,sum,10,29.0,3.0
1,tanimoto,886,188,0.8249534450651769,0.1750465549348231,0.2528216704288939,0.7471783295711061,0.2925531914893617,0.7074468085106383,0.07692307692307693,0.9230769230769231,34,0,disabled smiles,0.6992961168289185,0.6808510422706604,0.3877550959587097,0.6808510422706604,1.0686061382293701,0.44186046719551086,0.34545454382896423,0.6927545666694641,0.7478812336921692,0.692307710647583,0.0,0.692307710647583,0.692307710647583,0.0,0.0,0.0,768,32,1.2879830450322809e-05,50,sum,10,29.0,3.0
1,tanimoto,886,188,0.8249534450651769,0.1750465549348231,0.2528216704288939,0.7471783295711061,0.2925531914893617,0.7074468085106383,0.07692307692307693,0.9230769230769231,34,0,disabled e3 cell,0.8134555220603943,0.7393617033958435,0.5242718458175659,0.7393617033958435,1.2636334896087646,0.5625,0.4909090995788574,0.7792207598686218,0.4741816818714142,0.9230769276618958,0.0,0.9230769276618958,0.9230769276618958,0.0,0.0,0.25,768,32,1.2879830450322809e-05,50,sum,10,29.0,3.0
1,tanimoto,886,188,0.8249534450651769,0.1750465549348231,0.2528216704288939,0.7471783295711061,0.2925531914893617,0.7074468085106383,0.07692307692307693,0.9230769230769231,34,0,disabled poi e3 cell,0.846601665019989,0.7340425252914429,0.45652174949645996,0.7340425252914429,1.1905642747879028,0.5675675868988037,0.38181817531585693,0.7773752212524414,0.5460445284843445,0.8461538553237915,0.0,0.8461538553237915,0.8461538553237915,0.0,0.0,0.1666666865348816,768,32,1.2879830450322809e-05,50,sum,10,29.0,3.0
2,tanimoto,888,186,0.8268156424581006,0.17318435754189945,0.25788288288288286,0.7421171171171171,0.26881720430107525,0.7311827956989247,0.07692307692307693,0.9230769230769231,35,0,,0.4111858010292053,0.7956989407539368,0.6041666865348816,0.7956989407539368,1.3998656272888184,0.6304348111152649,0.5799999833106995,0.8547059297561646,0.5483922362327576,0.8461538553237915,0.0,0.8461538553237915,0.8461538553237915,0.0,0.0,0.0,256,8,1.2471727259362935e-05,20,sum,7,25.0,7.0
2,tanimoto,888,186,0.8268156424581006,0.17318435754189945,0.25788288288288286,0.7421171171171171,0.26881720430107525,0.7311827956989247,0.07692307692307693,0.9230769230769231,35,0,disabled poi,0.6244044899940491,0.8225806355476379,0.6024096608161926,0.8225806355476379,1.4249902963638306,0.7575757503509521,0.5,0.8349999785423279,0.6883589625358582,0.9230769276618958,0.0,0.9230769276618958,0.9230769276618958,0.0,0.0,0.08333331346511841,256,8,1.2471727259362935e-05,20,sum,7,25.0,7.0
2,tanimoto,888,186,0.8268156424581006,0.17318435754189945,0.25788288288288286,0.7421171171171171,0.26881720430107525,0.7311827956989247,0.07692307692307693,0.9230769230769231,35,0,disabled cell,0.6352194547653198,0.7473118305206299,0.5765765905380249,0.7473118305206299,1.3238884210586548,0.5245901346206665,0.6399999856948853,0.8258823156356812,0.9071365594863892,0.7692307829856873,0.0,0.7692307829856873,0.7692307829856873,0.0,0.0,0.08333331346511841,256,8,1.2471727259362935e-05,20,sum,7,25.0,7.0
2,tanimoto,888,186,0.8268156424581006,0.17318435754189945,0.25788288288288286,0.7421171171171171,0.26881720430107525,0.7311827956989247,0.07692307692307693,0.9230769230769231,35,0,disabled smiles,0.4744677245616913,0.7795698642730713,0.630630612373352,0.7795698642730713,1.4102004766464233,0.5737704634666443,0.699999988079071,0.8105146884918213,0.6640232801437378,0.7692307829856873,0.0,0.7692307829856873,0.7692307829856873,0.0,0.0,0.08333331346511841,256,8,1.2471727259362935e-05,20,sum,7,25.0,7.0
2,tanimoto,888,186,0.8268156424581006,0.17318435754189945,0.25788288288288286,0.7421171171171171,0.26881720430107525,0.7311827956989247,0.07692307692307693,0.9230769230769231,35,0,disabled e3 cell,0.5691996216773987,0.7795698642730713,0.5591397881507874,0.7795698642730713,1.3387095928192139,0.604651153087616,0.5199999809265137,0.8379411697387695,0.7511903047561646,0.8461538553237915,0.0,0.8461538553237915,0.8461538553237915,0.0,0.0,0.08333331346511841,256,8,1.2471727259362935e-05,20,sum,7,25.0,7.0
2,tanimoto,888,186,0.8268156424581006,0.17318435754189945,0.25788288288288286,0.7421171171171171,0.26881720430107525,0.7311827956989247,0.07692307692307693,0.9230769230769231,35,0,disabled poi e3 cell,0.6174498796463013,0.7580645084381104,0.5263158082962036,0.7580645084381104,1.284380316734314,0.5555555820465088,0.5,0.8127205967903137,0.9096947312355042,0.692307710647583,0.0,0.692307710647583,0.692307710647583,0.0,0.0,0.08333331346511841,256,8,1.2471727259362935e-05,20,sum,7,25.0,7.0
3,tanimoto,577,497,0.537243947858473,0.462756052141527,0.2530329289428076,0.7469670710571924,0.2676056338028169,0.7323943661971831,0.07692307692307693,0.9230769230769231,51,0,,0.5853415727615356,0.7323943376541138,0.3870967626571655,0.7323943376541138,1.1194911003112793,0.5,0.31578946113586426,0.6979467868804932,0.49641382694244385,0.9230769276618958,0.0,0.9230769276618958,0.9230769276618958,0.0,0.0,0.08333331346511841,512,8,1.6863473810115062e-05,10,sum,8,19.0,13.0
3,tanimoto,577,497,0.537243947858473,0.462756052141527,0.2530329289428076,0.7469670710571924,0.2676056338028169,0.7323943661971831,0.07692307692307693,0.9230769230769231,51,0,disabled poi,0.702008068561554,0.7243461012840271,0.44081631302833557,0.7243461012840271,1.165162444114685,0.4821428656578064,0.4060150384902954,0.7095142006874084,0.3498064875602722,0.9230769276618958,0.0,0.9230769276618958,0.9230769276618958,0.0,0.0,0.5833333730697632,512,8,1.6863473810115062e-05,10,sum,8,19.0,13.0
3,tanimoto,577,497,0.537243947858473,0.462756052141527,0.2530329289428076,0.7469670710571924,0.2676056338028169,0.7323943661971831,0.07692307692307693,0.9230769230769231,51,0,disabled cell,0.6819108128547668,0.7344064116477966,0.3888888955116272,0.7344064116477966,1.1232953071594238,0.5060241222381592,0.31578946113586426,0.7102681398391724,0.5055682063102722,0.8461538553237915,0.0,0.8461538553237915,0.8461538553237915,0.0,0.0,0.25,512,8,1.6863473810115062e-05,10,sum,8,19.0,13.0
3,tanimoto,577,497,0.537243947858473,0.462756052141527,0.2530329289428076,0.7469670710571924,0.2676056338028169,0.7323943661971831,0.07692307692307693,0.9230769230769231,51,0,disabled smiles,0.5684022307395935,0.649899423122406,0.47590360045433044,0.649899423122406,1.125802993774414,0.39698493480682373,0.5939849615097046,0.7552570104598999,0.750748872756958,0.7692307829856873,0.0,0.7692307829856873,0.7692307829856873,0.0,0.0,0.08333331346511841,512,8,1.6863473810115062e-05,10,sum,8,19.0,13.0
3,tanimoto,577,497,0.537243947858473,0.462756052141527,0.2530329289428076,0.7469670710571924,0.2676056338028169,0.7323943661971831,0.07692307692307693,0.9230769230769231,51,0,disabled e3 cell,0.7576305270195007,0.7625754475593567,0.3655914068222046,0.7625754475593567,1.128166913986206,0.6415094137191772,0.25563910603523254,0.7095038890838623,0.6575158834457397,0.9230769276618958,0.0,0.9230769276618958,0.9230769276618958,0.0,0.0,0.08333331346511841,512,8,1.6863473810115062e-05,10,sum,8,19.0,13.0
3,tanimoto,577,497,0.537243947858473,0.462756052141527,0.2530329289428076,0.7469670710571924,0.2676056338028169,0.7323943661971831,0.07692307692307693,0.9230769230769231,51,0,disabled poi e3 cell,0.7262165546417236,0.7243461012840271,0.37442922592163086,0.7243461012840271,1.0987753868103027,0.4767441749572754,0.308270663022995,0.6717652678489685,0.3882024586200714,0.9230769276618958,0.0,0.9230769276618958,0.9230769276618958,0.0,0.0,0.3333333134651184,512,8,1.6863473810115062e-05,10,sum,8,19.0,13.0
4,tanimoto,908,166,0.845437616387337,0.15456238361266295,0.26762114537444937,0.7323788546255506,0.21686746987951808,0.7831325301204819,0.07692307692307693,0.9230769230769231,34,0,,0.5544081330299377,0.6987951993942261,0.4444444477558136,0.6987951993942261,1.1432396173477173,0.37037035822868347,0.5555555820465088,0.7145298719406128,0.6150968670845032,0.7692307829856873,0.0,0.7692307829856873,0.7692307829856873,0.0,0.0,0.0,256,32,1.6511268989469565e-05,50,concat,15,26.0,6.0
4,tanimoto,908,166,0.845437616387337,0.15456238361266295,0.26762114537444937,0.7323788546255506,0.21686746987951808,0.7831325301204819,0.07692307692307693,0.9230769230769231,34,0,disabled poi,1.0085411071777344,0.7469879388809204,0.4749999940395355,0.7469879388809204,1.2219879627227783,0.4318181872367859,0.5277777910232544,0.6928418874740601,0.6267193555831909,0.8461538553237915,0.0,0.8461538553237915,0.8461538553237915,0.0,0.0,0.25,256,32,1.6511268989469565e-05,50,concat,15,26.0,6.0
4,tanimoto,908,166,0.845437616387337,0.15456238361266295,0.26762114537444937,0.7323788546255506,0.21686746987951808,0.7831325301204819,0.07692307692307693,0.9230769230769231,34,0,disabled cell,0.9217456579208374,0.7168674468994141,0.40506330132484436,0.7168674468994141,1.121930718421936,0.3720930218696594,0.4444444477558136,0.702136754989624,0.9922505617141724,0.7692307829856873,0.0,0.7692307829856873,0.7692307829856873,0.0,0.0,0.08333331346511841,256,32,1.6511268989469565e-05,50,concat,15,26.0,6.0
4,tanimoto,908,166,0.845437616387337,0.15456238361266295,0.26762114537444937,0.7323788546255506,0.21686746987951808,0.7831325301204819,0.07692307692307693,0.9230769230769231,34,0,disabled smiles,0.5431756377220154,0.7108433842658997,0.5789473652839661,0.7108433842658997,1.2897907495498657,0.42307692766189575,0.9166666865348816,0.8194444179534912,0.9371957778930664,0.692307710647583,0.0,0.692307710647583,0.692307710647583,0.0,0.0,0.0,256,32,1.6511268989469565e-05,50,concat,15,26.0,6.0
4,tanimoto,908,166,0.845437616387337,0.15456238361266295,0.26762114537444937,0.7323788546255506,0.21686746987951808,0.7831325301204819,0.07692307692307693,0.9230769230769231,34,0,disabled e3 cell,0.9514143466949463,0.7530120611190796,0.3692307770252228,0.7530120611190796,1.12224280834198,0.4137931168079376,0.3333333432674408,0.683226466178894,0.7928867340087891,0.9230769276618958,0.0,0.9230769276618958,0.9230769276618958,0.0,0.0,0.08333331346511841,256,32,1.6511268989469565e-05,50,concat,15,26.0,6.0
4,tanimoto,908,166,0.845437616387337,0.15456238361266295,0.26762114537444937,0.7323788546255506,0.21686746987951808,0.7831325301204819,0.07692307692307693,0.9230769230769231,34,0,disabled poi e3 cell,1.0217132568359375,0.6927710771560669,0.4137931168079376,0.6927710771560669,1.1065641641616821,0.3529411852359772,0.5,0.6818375587463379,0.8954225778579712,0.692307710647583,0.0,0.692307710647583,0.692307710647583,0.0,0.0,0.08333331346511841,256,32,1.6511268989469565e-05,50,concat,15,26.0,6.0
0,random,859,215,0.7998137802607076,0.20018621973929238,0.259604190919674,0.740395809080326,0.26046511627906976,0.7395348837209302,0.07692307692307693,0.9230769230769231,47,119,,0.3215236961841583,0.869767427444458,0.7543859481811523,0.869767427444458,1.6241533756256104,0.7413793206214905,0.7678571343421936,0.9350852966308594,0.6496391296386719,0.9230769276618958,0.0,0.9230769276618958,0.9230769276618958,0.0,0.0,0.08333331346511841,768,16,2.781093697926551e-05,50,sum,5,,
0,random,859,215,0.7998137802607076,0.20018621973929238,0.259604190919674,0.740395809080326,0.26046511627906976,0.7395348837209302,0.07692307692307693,0.9230769230769231,47,119,disabled e3,0.32393136620521545,0.869767427444458,0.7543859481811523,0.869767427444458,1.6241533756256104,0.7413793206214905,0.7678571343421936,0.9340745806694031,0.6778536438941956,0.8461538553237915,0.0,0.8461538553237915,0.8461538553237915,0.0,0.0,0.1666666865348816,768,16,2.781093697926551e-05,50,sum,5,,
0,random,859,215,0.7998137802607076,0.20018621973929238,0.259604190919674,0.740395809080326,0.26046511627906976,0.7395348837209302,0.07692307692307693,0.9230769230769231,47,119,disabled poi e3 smiles,0.5362589359283447,0.739534854888916,0.6164383292198181,0.739534854888916,1.355973243713379,0.5,0.8035714030265808,0.8155884742736816,0.7018360495567322,0.6153846383094788,0.0,0.6153846383094788,0.6153846383094788,0.0,0.0,0.25,768,16,2.781093697926551e-05,50,sum,5,,
1,random,859,215,0.7998137802607076,0.20018621973929238,0.259604190919674,0.740395809080326,0.26046511627906976,0.7395348837209302,0.07692307692307693,0.9230769230769231,47,102,,0.4059079587459564,0.804651141166687,0.671875,0.804651141166687,1.476526141166687,0.5972222089767456,0.7678571343421936,0.8793801069259644,0.5174589157104492,0.9230769276618958,0.0,0.9230769276618958,0.9230769276618958,0.0,0.0,0.08333331346511841,512,16,1.2587541334008064e-05,20,concat,12,,
1,random,859,215,0.7998137802607076,0.20018621973929238,0.259604190919674,0.740395809080326,0.26046511627906976,0.7395348837209302,0.07692307692307693,0.9230769230769231,47,102,disabled e3,0.5725387334823608,0.8093023300170898,0.6666666865348816,0.8093023300170898,1.4759690761566162,0.611940324306488,0.7321428656578064,0.8764600157737732,0.7966634035110474,0.7692307829856873,0.0,0.7692307829856873,0.7692307829856873,0.0,0.0,0.08333331346511841,512,16,1.2587541334008064e-05,20,concat,12,,
1,random,859,215,0.7998137802607076,0.20018621973929238,0.259604190919674,0.740395809080326,0.26046511627906976,0.7395348837209302,0.07692307692307693,0.9230769230769231,47,102,disabled poi e3 smiles,0.5672245621681213,0.7255814075469971,0.527999997138977,0.7255814075469971,1.2535814046859741,0.47826087474823,0.5892857313156128,0.7496069073677063,0.649062991142273,0.692307710647583,0.0,0.692307710647583,0.692307710647583,0.0,0.0,0.4166666865348816,512,16,1.2587541334008064e-05,20,concat,12,,
2,random,859,215,0.7998137802607076,0.20018621973929238,0.259604190919674,0.740395809080326,0.26046511627906976,0.7395348837209302,0.07692307692307693,0.9230769230769231,50,93,,0.41872745752334595,0.8232558369636536,0.6041666865348816,0.8232558369636536,1.4274225234985352,0.7250000238418579,0.5178571343421936,0.846585750579834,0.5944604277610779,0.8461538553237915,0.0,0.8461538553237915,0.8461538553237915,0.0,0.0,0.08333331346511841,256,16,2.7607419417585242e-05,10,sum,10,,
2,random,859,215,0.7998137802607076,0.20018621973929238,0.259604190919674,0.740395809080326,0.26046511627906976,0.7395348837209302,0.07692307692307693,0.9230769230769231,50,93,disabled e3,0.6163740158081055,0.8372092843055725,0.6153846383094788,0.8372092843055725,1.4525939226150513,0.800000011920929,0.5,0.860961377620697,0.6324796676635742,0.9230769276618958,0.0,0.9230769276618958,0.9230769276618958,0.0,0.0,0.25,256,16,2.7607419417585242e-05,10,sum,10,,
2,random,859,215,0.7998137802607076,0.20018621973929238,0.259604190919674,0.740395809080326,0.26046511627906976,0.7395348837209302,0.07692307692307693,0.9230769230769231,50,93,disabled poi e3 smiles,0.6166664361953735,0.7209302186965942,0.42307692766189575,0.7209302186965942,1.1440072059631348,0.4583333432674408,0.3928571343421936,0.6925538778305054,0.628477931022644,0.7692307829856873,0.0,0.7692307829856873,0.7692307829856873,0.0,0.0,0.25,256,16,2.7607419417585242e-05,10,sum,10,,
3,random,859,215,0.7998137802607076,0.20018621973929238,0.259604190919674,0.740395809080326,0.26046511627906976,0.7395348837209302,0.07692307692307693,0.9230769230769231,48,102,,0.4293951690196991,0.8139534592628479,0.6000000238418579,0.8139534592628479,1.4139535427093506,0.6818181872367859,0.5357142686843872,0.8828616142272949,0.6692377924919128,0.9230769276618958,0.0,0.9230769276618958,0.9230769276618958,0.0,0.0,0.0,512,8,1.4372366012590655e-05,10,sum,14,,
3,random,859,215,0.7998137802607076,0.20018621973929238,0.259604190919674,0.740395809080326,0.26046511627906976,0.7395348837209302,0.07692307692307693,0.9230769230769231,48,102,disabled e3,0.5781513452529907,0.800000011920929,0.656000018119812,0.800000011920929,1.4560000896453857,0.5942028760910034,0.7321428656578064,0.8754491806030273,0.7337735295295715,0.9230769276618958,0.0,0.9230769276618958,0.9230769276618958,0.0,0.0,0.08333331346511841,512,8,1.4372366012590655e-05,10,sum,14,,
3,random,859,215,0.7998137802607076,0.20018621973929238,0.259604190919674,0.740395809080326,0.26046511627906976,0.7395348837209302,0.07692307692307693,0.9230769230769231,48,102,disabled poi e3 smiles,0.5760557055473328,0.7162790894508362,0.5343511700630188,0.7162790894508362,1.250630259513855,0.46666666865348816,0.625,0.7609500885009766,0.6781660318374634,0.692307710647583,0.0,0.692307710647583,0.692307710647583,0.0,0.0,0.25,512,8,1.4372366012590655e-05,10,sum,14,,
4,random,860,214,0.8007448789571695,0.19925512104283055,0.26046511627906976,0.7395348837209302,0.2570093457943925,0.7429906542056075,0.07692307692307693,0.9230769230769231,43,108,,0.36973193287849426,0.8317757248878479,0.7142857313156128,0.8317757248878479,1.5460615158081055,0.6338028311729431,0.8181818127632141,0.9156661033630371,0.5074107646942139,0.9230769276618958,0.0,0.9230769276618958,0.9230769276618958,0.0,0.0,0.1666666865348816,512,8,1.3066739238053272e-05,10,sum,3,,
4,random,860,214,0.8007448789571695,0.19925512104283055,0.26046511627906976,0.7395348837209302,0.2570093457943925,0.7429906542056075,0.07692307692307693,0.9230769230769231,43,108,disabled e3,0.4244591295719147,0.84112149477005,0.6909090876579285,0.84112149477005,1.5320305824279785,0.6909090876579285,0.6909090876579285,0.9176100492477417,0.8095293641090393,0.9230769276618958,0.0,0.9230769276618958,0.9230769276618958,0.0,0.0,0.08333331346511841,512,8,1.3066739238053272e-05,10,sum,3,,
4,random,860,214,0.8007448789571695,0.19925512104283055,0.26046511627906976,0.7395348837209302,0.2570093457943925,0.7429906542056075,0.07692307692307693,0.9230769230769231,43,108,disabled poi e3 smiles,0.5480790734291077,0.7149532437324524,0.55474454164505,0.7149532437324524,1.2696977853775024,0.46341463923454285,0.6909090876579285,0.8041166663169861,0.6857670545578003,0.6153846383094788,0.0,0.6153846383094788,0.6153846383094788,0.0,0.0,0.25,512,8,1.3066739238053272e-05,10,sum,3,,
0,uniprot,893,181,0.8314711359404097,0.1685288640595903,0.28331466965285557,0.7166853303471444,0.143646408839779,0.856353591160221,0.07692307692307693,0.9230769230769231,0,20,,0.5203443765640259,0.7679557800292969,0.27586206793785095,0.7679557800292969,1.0438178777694702,0.25,0.3076923191547394,0.6436724662780762,0.6601938009262085,0.7692307829856873,0.0,0.7692307829856873,0.7692307829856873,0.0,0.0,0.1666666865348816,256,8,1.9745230408590863e-05,10,concat,12,55.0,10.0
0,uniprot,893,181,0.8314711359404097,0.1685288640595903,0.28331466965285557,0.7166853303471444,0.143646408839779,0.856353591160221,0.07692307692307693,0.9230769230769231,0,20,disabled e3,0.6672093272209167,0.8066298365592957,0.25531914830207825,0.8066298365592957,1.0619490146636963,0.2857142984867096,0.23076923191547394,0.589081883430481,0.7214789986610413,0.8461538553237915,0.0,0.8461538553237915,0.8461538553237915,0.0,0.0,0.1666666865348816,256,8,1.9745230408590863e-05,10,concat,12,55.0,10.0
0,uniprot,893,181,0.8314711359404097,0.1685288640595903,0.28331466965285557,0.7166853303471444,0.143646408839779,0.856353591160221,0.07692307692307693,0.9230769230769231,0,20,disabled poi e3 smiles,0.6153498888015747,0.8011049628257751,0.2800000011920929,0.8011049628257751,1.0811049938201904,0.2916666567325592,0.26923078298568726,0.618362307548523,0.7590295076370239,0.38461539149284363,0.0,0.38461539149284363,0.38461539149284363,0.0,0.0,0.25,256,8,1.9745230408590863e-05,10,concat,12,55.0,10.0
1,uniprot,876,198,0.8156424581005587,0.18435754189944134,0.2522831050228311,0.747716894977169,0.29292929292929293,0.7070707070707071,0.07692307692307693,0.9230769230769231,0,14,,0.7295579314231873,0.5252525210380554,0.21666666865348816,0.5252525210380554,0.7419191598892212,0.20967741310596466,0.22413793206214905,0.509605884552002,0.5932934284210205,0.8461538553237915,0.0,0.8461538553237915,0.8461538553237915,0.0,0.0,0.1666666865348816,256,16,1.6387132361522998e-05,10,sum,10,56.0,9.0
1,uniprot,876,198,0.8156424581005587,0.18435754189944134,0.2522831050228311,0.747716894977169,0.29292929292929293,0.7070707070707071,0.07692307692307693,0.9230769230769231,0,14,disabled e3,1.2038720846176147,0.6111111044883728,0.34188035130500793,0.6111111044883728,0.9529914855957031,0.33898305892944336,0.3448275923728943,0.5459359884262085,0.5668825507164001,0.9230769276618958,0.0,0.9230769276618958,0.9230769276618958,0.0,0.0,0.1666666865348816,256,16,1.6387132361522998e-05,10,sum,10,56.0,9.0
1,uniprot,876,198,0.8156424581005587,0.18435754189944134,0.2522831050228311,0.747716894977169,0.29292929292929293,0.7070707070707071,0.07692307692307693,0.9230769230769231,0,14,disabled poi e3 smiles,1.049838900566101,0.4343434274196625,0.46666666865348816,0.4343434274196625,0.9010100960731506,0.32236841320991516,0.8448275923728943,0.5923645496368408,0.7756994962692261,0.5384615659713745,0.0,0.5384615659713745,0.5384615659713745,0.0,0.0,0.25,256,16,1.6387132361522998e-05,10,sum,10,56.0,9.0
2,uniprot,1015,59,0.9450651769087524,0.05493482309124767,0.24433497536945814,0.7556650246305419,0.5254237288135594,0.4745762711864407,0.07692307692307693,0.9230769230769231,0,11,,0.7085558176040649,0.5593220591545105,0.31578946113586426,0.5593220591545105,0.8751115202903748,0.8571428656578064,0.19354838132858276,0.5599077939987183,0.5887040495872498,0.8461538553237915,0.0,0.8461538553237915,0.8461538553237915,0.0,0.0,0.0,256,32,1.0103135153865721e-05,50,sum,15,56.0,9.0
2,uniprot,1015,59,0.9450651769087524,0.05493482309124767,0.24433497536945814,0.7556650246305419,0.5254237288135594,0.4745762711864407,0.07692307692307693,0.9230769230769231,0,11,disabled e3,2.0480339527130127,0.5593220591545105,0.2777777910232544,0.5593220591545105,0.8370998501777649,1.0,0.16129031777381897,0.7142857313156128,0.8009510040283203,0.8461538553237915,0.0,0.8461538553237915,0.8461538553237915,0.0,0.0,0.1666666865348816,256,32,1.0103135153865721e-05,50,sum,15,56.0,9.0
2,uniprot,1015,59,0.9450651769087524,0.05493482309124767,0.24433497536945814,0.7556650246305419,0.5254237288135594,0.4745762711864407,0.07692307692307693,0.9230769230769231,0,11,disabled poi e3 smiles,0.5862815380096436,0.7118644118309021,0.6666666865348816,0.7118644118309021,1.3785310983657837,0.8500000238418579,0.5483871102333069,0.8122119903564453,0.6556328535079956,0.692307710647583,0.0,0.692307710647583,0.692307710647583,0.0,0.0,0.25,256,32,1.0103135153865721e-05,50,sum,15,56.0,9.0
3,uniprot,733,341,0.6824953445065177,0.31750465549348234,0.24829467939972716,0.7517053206002728,0.2844574780058651,0.7155425219941349,0.07692307692307693,0.9230769230769231,0,50,,0.5726946592330933,0.6862170100212097,0.251748263835907,0.6862170100212097,0.9379652738571167,0.3913043439388275,0.1855670064687729,0.6416680812835693,0.47274425625801086,0.8461538553237915,0.0,0.8461538553237915,0.8461538553237915,0.0,0.0,0.08333331346511841,256,32,2.0925680568859366e-05,50,sum,5,51.0,14.0
3,uniprot,733,341,0.6824953445065177,0.31750465549348234,0.24829467939972716,0.7517053206002728,0.2844574780058651,0.7155425219941349,0.07692307692307693,0.9230769230769231,0,50,disabled e3,1.2545249462127686,0.6920821070671082,0.24460431933403015,0.6920821070671082,0.9366863965988159,0.4047619104385376,0.17525772750377655,0.6244295835494995,0.6621216535568237,0.8461538553237915,0.0,0.8461538553237915,0.8461538553237915,0.0,0.0,0.1666666865348816,256,32,2.0925680568859366e-05,50,sum,5,51.0,14.0
3,uniprot,733,341,0.6824953445065177,0.31750465549348234,0.24829467939972716,0.7517053206002728,0.2844574780058651,0.7155425219941349,0.07692307692307693,0.9230769230769231,0,50,disabled poi e3 smiles,0.5368857979774475,0.7390029430389404,0.46706587076187134,0.7390029430389404,1.206068754196167,0.5571428537368774,0.4020618498325348,0.7402611374855042,0.5400059819221497,0.7692307829856873,0.0,0.7692307829856873,0.7692307829856873,0.0,0.0,0.3333333134651184,256,32,2.0925680568859366e-05,50,sum,5,51.0,14.0
4,uniprot,779,295,0.7253258845437617,0.2746741154562384,0.27214377406931967,0.7278562259306803,0.2271186440677966,0.7728813559322034,0.07692307692307693,0.9230769230769231,0,62,,0.61033695936203,0.6847457885742188,0.38410595059394836,0.6847457885742188,1.0688517093658447,0.3452380895614624,0.43283581733703613,0.6426092982292175,0.5495498180389404,0.8461538553237915,0.0,0.8461538553237915,0.8461538553237915,0.0,0.0,0.08333331346511841,256,8,1.5207640062695321e-05,50,sum,10,42.0,23.0
4,uniprot,779,295,0.7253258845437617,0.2746741154562384,0.27214377406931967,0.7278562259306803,0.2271186440677966,0.7728813559322034,0.07692307692307693,0.9230769230769231,0,62,disabled e3,0.8632753491401672,0.68813556432724,0.35211268067359924,0.68813556432724,1.0402482748031616,0.3333333432674408,0.3731343150138855,0.6539342403411865,0.5117000937461853,0.9230769276618958,0.0,0.9230769276618958,0.9230769276618958,0.0,0.0,0.1666666865348816,256,8,1.5207640062695321e-05,50,sum,10,42.0,23.0
4,uniprot,779,295,0.7253258845437617,0.2746741154562384,0.27214377406931967,0.7278562259306803,0.2271186440677966,0.7728813559322034,0.07692307692307693,0.9230769230769231,0,62,disabled poi e3 smiles,0.6578191518783569,0.7050847411155701,0.5492228269577026,0.7050847411155701,1.254307508468628,0.420634925365448,0.7910447716712952,0.7337981462478638,0.6738776564598083,0.692307710647583,0.0,0.692307710647583,0.692307710647583,0.0,0.0,0.3333333134651184,256,8,1.5207640062695321e-05,50,sum,10,42.0,23.0
0,tanimoto,1037,37,0.9655493482309124,0.03445065176908752,0.26422372227579555,0.7357762777242044,0.13513513513513514,0.8648648648648649,0.07692307692307693,0.9230769230769231,15,0,,0.4237861633300781,0.8918918967247009,0.6000000238418579,0.8918918967247009,1.491891860961914,0.6000000238418579,0.6000000238418579,0.609375,0.6143733263015747,0.8461538553237915,0.0,0.8461538553237915,0.8461538553237915,0.0,0.0,0.08333331346511841,256,8,2.2046801198870254e-05,10,sum,3,29.0,3.0
0,tanimoto,1037,37,0.9655493482309124,0.03445065176908752,0.26422372227579555,0.7357762777242044,0.13513513513513514,0.8648648648648649,0.07692307692307693,0.9230769230769231,15,0,disabled e3,0.6059194803237915,0.8648648858070374,0.2857142984867096,0.8648648858070374,1.1505792140960693,0.5,0.20000000298023224,0.5968750715255737,0.7317867279052734,0.9230769276618958,0.0,0.9230769276618958,0.9230769276618958,0.0,0.0,0.08333331346511841,256,8,2.2046801198870254e-05,10,sum,3,29.0,3.0
0,tanimoto,1037,37,0.9655493482309124,0.03445065176908752,0.26422372227579555,0.7357762777242044,0.13513513513513514,0.8648648648648649,0.07692307692307693,0.9230769230769231,15,0,disabled poi e3 smiles,0.6793048977851868,0.7027027010917664,0.42105263471603394,0.7027027010917664,1.1237553358078003,0.2857142984867096,0.800000011920929,0.746874988079071,0.6953856945037842,0.6153846383094788,0.0,0.6153846383094788,0.6153846383094788,0.0,0.0,0.3333333134651184,256,8,2.2046801198870254e-05,10,sum,3,29.0,3.0
1,tanimoto,886,188,0.8249534450651769,0.1750465549348231,0.2528216704288939,0.7471783295711061,0.2925531914893617,0.7074468085106383,0.07692307692307693,0.9230769230769231,34,0,,0.5448604226112366,0.7340425252914429,0.39024388790130615,0.7340425252914429,1.124286413192749,0.5925925970077515,0.290909081697464,0.75816810131073,0.46161168813705444,0.9230769276618958,0.0,0.9230769276618958,0.9230769276618958,0.0,0.0,0.0,768,32,1.1348210581087663e-05,10,sum,12,29.0,3.0
1,tanimoto,886,188,0.8249534450651769,0.1750465549348231,0.2528216704288939,0.7471783295711061,0.2925531914893617,0.7074468085106383,0.07692307692307693,0.9230769230769231,34,0,disabled e3,0.8987105488777161,0.7553191781044006,0.4888888895511627,0.7553191781044006,1.2442080974578857,0.6285714507102966,0.4000000059604645,0.7834586501121521,0.6862005591392517,0.9230769276618958,0.0,0.9230769276618958,0.9230769276618958,0.0,0.0,0.1666666865348816,768,32,1.1348210581087663e-05,10,sum,12,29.0,3.0
1,tanimoto,886,188,0.8249534450651769,0.1750465549348231,0.2528216704288939,0.7471783295711061,0.2925531914893617,0.7074468085106383,0.07692307692307693,0.9230769230769231,34,0,disabled poi e3 smiles,0.6598666310310364,0.686170220375061,0.41584157943725586,0.686170220375061,1.102011799812317,0.45652174949645996,0.38181817531585693,0.622829794883728,0.6115441918373108,0.692307710647583,0.0,0.692307710647583,0.692307710647583,0.0,0.0,0.25,768,32,1.1348210581087663e-05,10,sum,12,29.0,3.0
2,tanimoto,888,186,0.8268156424581006,0.17318435754189945,0.25788288288288286,0.7421171171171171,0.26881720430107525,0.7311827956989247,0.07692307692307693,0.9230769230769231,35,0,,0.43869519233703613,0.7849462628364563,0.6153846383094788,0.7849462628364563,1.400330901145935,0.5925925970077515,0.6399999856948853,0.8469117283821106,0.6408451795578003,0.8461538553237915,0.0,0.8461538553237915,0.8461538553237915,0.0,0.0,0.08333331346511841,768,16,1.2823078210010763e-05,20,sum,7,25.0,7.0
2,tanimoto,888,186,0.8268156424581006,0.17318435754189945,0.25788288288288286,0.7421171171171171,0.26881720430107525,0.7311827956989247,0.07692307692307693,0.9230769230769231,35,0,disabled e3,0.6068294048309326,0.8064516186714172,0.6000000238418579,0.8064516186714172,1.40645170211792,0.675000011920929,0.5400000214576721,0.8347058296203613,0.9085249304771423,0.8461538553237915,0.0,0.8461538553237915,0.8461538553237915,0.0,0.0,0.08333331346511841,768,16,1.2823078210010763e-05,20,sum,7,25.0,7.0
2,tanimoto,888,186,0.8268156424581006,0.17318435754189945,0.25788288288288286,0.7421171171171171,0.26881720430107525,0.7311827956989247,0.07692307692307693,0.9230769230769231,35,0,disabled poi e3 smiles,0.5711793899536133,0.6827957034111023,0.46846845746040344,0.6827957034111023,1.1512641906738281,0.4262295067310333,0.5199999809265137,0.6678676605224609,0.6699615120887756,0.6153846383094788,0.0,0.6153846383094788,0.6153846383094788,0.0,0.0,0.5,768,16,1.2823078210010763e-05,20,sum,7,25.0,7.0
3,tanimoto,577,497,0.537243947858473,0.462756052141527,0.2530329289428076,0.7469670710571924,0.2676056338028169,0.7323943661971831,0.07692307692307693,0.9230769230769231,51,0,,0.5591471791267395,0.7344064116477966,0.37735849618911743,0.7344064116477966,1.111764907836914,0.5063291192054749,0.30075186491012573,0.7377716302871704,0.5205703377723694,0.9230769276618958,0.0,0.9230769276618958,0.9230769276618958,0.0,0.0,0.08333331346511841,512,8,1.5867294261846487e-05,20,sum,6,19.0,13.0
3,tanimoto,577,497,0.537243947858473,0.462756052141527,0.2530329289428076,0.7469670710571924,0.2676056338028169,0.7323943661971831,0.07692307692307693,0.9230769230769231,51,0,disabled e3,0.6967553496360779,0.7605633735656738,0.402010053396225,0.7605633735656738,1.1625734567642212,0.6060606241226196,0.30075186491012573,0.744133710861206,0.5608773827552795,0.9230769276618958,0.0,0.9230769276618958,0.9230769276618958,0.0,0.0,0.1666666865348816,512,8,1.5867294261846487e-05,20,sum,6,19.0,13.0
3,tanimoto,577,497,0.537243947858473,0.462756052141527,0.2530329289428076,0.7469670710571924,0.2676056338028169,0.7323943661971831,0.07692307692307693,0.9230769230769231,51,0,disabled poi e3 smiles,0.5765196084976196,0.7022132873535156,0.4126984179019928,0.7022132873535156,1.114911675453186,0.43697479367256165,0.3909774422645569,0.7325043678283691,0.6339598298072815,0.6153846383094788,0.0,0.6153846383094788,0.6153846383094788,0.0,0.0,0.25,512,8,1.5867294261846487e-05,20,sum,6,19.0,13.0
4,tanimoto,908,166,0.845437616387337,0.15456238361266295,0.26762114537444937,0.7323788546255506,0.21686746987951808,0.7831325301204819,0.07692307692307693,0.9230769230769231,34,0,,0.511099636554718,0.7289156913757324,0.3835616409778595,0.7289156913757324,1.1124773025512695,0.37837839126586914,0.3888888955116272,0.6948717832565308,0.5019040107727051,0.8461538553237915,0.0,0.8461538553237915,0.8461538553237915,0.0,0.0,0.08333331346511841,256,16,1.2012019183137142e-05,50,concat,6,26.0,6.0
4,tanimoto,908,166,0.845437616387337,0.15456238361266295,0.26762114537444937,0.7323788546255506,0.21686746987951808,0.7831325301204819,0.07692307692307693,0.9230769230769231,34,0,disabled e3,1.0241209268569946,0.6927710771560669,0.4848484992980957,0.6927710771560669,1.1776195764541626,0.380952388048172,0.6666666865348816,0.7395299077033997,0.825446367263794,0.7692307829856873,0.0,0.7692307829856873,0.7692307829856873,0.0,0.0,0.1666666865348816,256,16,1.2012019183137142e-05,50,concat,6,26.0,6.0
4,tanimoto,908,166,0.845437616387337,0.15456238361266295,0.26762114537444937,0.7323788546255506,0.21686746987951808,0.7831325301204819,0.07692307692307693,0.9230769230769231,34,0,disabled poi e3 smiles,0.5364913940429688,0.7831325531005859,0.6000000238418579,0.7831325531005859,1.3831325769424438,0.5,0.75,0.7963675260543823,0.5950855016708374,0.692307710647583,0.0,0.692307710647583,0.692307710647583,0.0,0.0,0.3333333134651184,256,16,1.2012019183137142e-05,50,concat,6,26.0,6.0
